trial,D,W,ID,MT,error,subject_id,group_id,device
0,3.5,0.5,3.0588936890535683,1415.0562286376953,0,1,0,1
1,3.75,0.25,4.058893689053568,1244.2378997802734,1,1,0,1
2,1.75,0.25,3.0588936890535683,1056.8716526031494,1,1,0,1
3,12.0,4.0,2.0,799.9820709228516,0,1,0,1
4,11.25,0.75,4.016012317988631,997.145414352417,0,1,0,1
5,1.75,0.25,3.0588936890535683,998.2001781463624,0,1,0,1
6,9.0,3.0,2.0031882776310477,976.3500690460204,0,1,0,1
7,6.0,2.0,2.004800986263821,801.5127182006836,0,1,0,1
8,7.5,0.5,4.0636946753173895,1153.892993927002,0,1,0,1
9,14.0,2.0,3.009586048829198,910.9914302825928,0,1,0,1
10,3.75,0.25,4.058893689053568,1420.2194213867188,1,1,0,1
11,3.75,0.25,4.058893689053568,1195.2476501464844,1,1,0,1
12,12.0,4.0,2.0,714.09010887146,0,1,0,1
13,9.0,3.0,2.0031882776310477,918.6949729919434,0,1,0,1
14,15.0,1.0,4.026560826271135,1028.179407119751,0,1,0,1
15,3.0,1.0,2.019365324866931,980.4046154022216,0,1,0,1
16,15.0,1.0,4.026560826271135,1311.1093044281006,0,1,0,1
17,11.25,0.75,4.016012317988631,1241.417407989502,0,1,0,1
18,3.0,1.0,2.019365324866931,1039.6251678466797,0,1,0,1
19,7.0,1.0,3.0241663111307524,1258.1686973571775,0,1,0,1
20,7.0,1.0,3.0241663111307524,863.9516830444336,0,1,0,1
21,12.0,4.0,2.0,759.3543529510498,0,1,0,1
22,3.0,1.0,2.019365324866931,831.6240310668945,0,1,0,1
23,15.0,1.0,4.026560826271135,1425.5805015563965,0,1,0,1
24,6.0,2.0,2.004800986263821,741.4324283599854,0,1,0,1
25,7.5,0.5,4.0636946753173895,1039.0870571136477,0,1,0,1
26,6.0,2.0,2.004800986263821,761.084794998169,0,1,0,1
27,14.0,2.0,3.009586048829198,977.9784679412842,0,1,0,1
28,15.0,1.0,4.026560826271135,978.534698486328,0,1,0,1
29,3.75,0.25,4.058893689053568,1121.1588382720947,0,1,0,1
30,3.5,0.5,3.0588936890535683,1044.1370010375977,0,1,0,1
31,7.0,1.0,3.0241663111307524,1353.0244827270508,0,1,0,1
32,3.5,0.5,3.0588936890535683,1265.5839920043943,0,1,0,1
33,14.0,2.0,3.009586048829198,867.7937984466553,0,1,0,1
34,6.0,2.0,2.004800986263821,708.2326412200928,0,1,0,1
35,6.0,2.0,2.004800986263821,751.960039138794,0,1,0,1
36,1.75,0.25,3.0588936890535683,1422.041416168213,0,1,0,1
37,3.0,1.0,2.019365324866931,900.7854461669922,0,1,0,1
38,9.0,3.0,2.0031882776310477,775.8471965789795,0,1,0,1
39,14.0,2.0,3.009586048829198,793.0841445922852,0,1,0,1
40,11.25,0.75,4.016012317988631,1030.4744243621826,0,1,0,1
41,1.75,0.25,3.0588936890535683,875.7681846618652,0,1,0,1
42,15.0,1.0,4.026560826271135,1300.3582954406738,0,1,0,1
43,3.5,0.5,3.0588936890535683,833.8789939880371,0,1,0,1
44,11.25,0.75,4.016012317988631,1162.0337963104248,0,1,0,1
45,7.0,1.0,3.0241663111307524,1002.6843547821044,0,1,0,1
46,12.0,4.0,2.0,665.9133434295654,0,1,0,1
47,7.5,0.5,4.0636946753173895,1026.996612548828,0,1,0,1
48,7.5,0.5,4.0636946753173895,1115.1866912841797,0,1,0,1
49,7.5,0.5,4.0636946753173895,1225.959062576294,1,1,0,1
50,7.0,1.0,3.0241663111307524,873.2264041900635,0,1,0,1
51,11.25,0.75,4.016012317988631,936.0477924346924,0,1,0,1
52,9.0,3.0,2.0031882776310477,748.4462261199951,0,1,0,1
53,3.75,0.25,4.058893689053568,661.6106033325195,1,1,0,1
54,3.5,0.5,3.0588936890535683,859.5342636108398,0,1,0,1
55,1.75,0.25,3.0588936890535683,956.8467140197754,0,1,0,1
56,3.0,1.0,2.019365324866931,952.9628753662108,0,1,0,1
57,14.0,2.0,3.009586048829198,1166.008472442627,0,1,0,1
58,9.0,3.0,2.0031882776310477,635.4947090148926,0,1,0,1
59,12.0,4.0,2.0,600.8996963500977,0,1,0,1
0,3.75,0.25,4.058893689053568,631.4108371734619,1,1,0,0
1,9.0,3.0,2.0031882776310477,479.7697067260742,0,1,0,0
2,12.0,4.0,2.0,443.9699649810791,0,1,0,0
3,3.0,1.0,2.019365324866931,535.60471534729,1,1,0,0
4,3.5,0.5,3.0588936890535683,812.9351139068604,1,1,0,0
5,3.5,0.5,3.0588936890535683,601.172685623169,1,1,0,0
6,3.75,0.25,4.058893689053568,563.7800693511963,1,1,0,0
7,7.5,0.5,4.0636946753173895,566.6422843933105,1,1,0,0
8,3.5,0.5,3.0588936890535683,518.9659595489502,1,1,0,0
9,14.0,2.0,3.009586048829198,566.6637420654297,0,1,0,0
10,3.0,1.0,2.019365324866931,699.8996734619141,0,1,0,0
11,9.0,3.0,2.0031882776310477,497.194766998291,0,1,0,0
12,1.75,0.25,3.0588936890535683,594.5382118225098,1,1,0,0
13,3.0,1.0,2.019365324866931,597.0211029052734,0,1,0,0
14,1.75,0.25,3.0588936890535683,508.84509086608887,1,1,0,0
15,6.0,2.0,2.004800986263821,463.57250213623047,0,1,0,0
16,1.75,0.25,3.0588936890535683,505.9380531311035,1,1,0,0
17,12.0,4.0,2.0,486.38272285461426,0,1,0,0
18,11.25,0.75,4.016012317988631,577.7876377105713,0,1,0,0
19,3.0,1.0,2.019365324866931,568.2728290557861,0,1,0,0
20,11.25,0.75,4.016012317988631,486.3324165344238,1,1,0,0
21,7.0,1.0,3.0241663111307524,494.4911003112793,0,1,0,0
22,3.5,0.5,3.0588936890535683,517.51708984375,1,1,0,0
23,14.0,2.0,3.009586048829198,499.5908737182617,0,1,0,0
24,11.25,0.75,4.016012317988631,517.3969268798828,1,1,0,0
25,15.0,1.0,4.026560826271135,533.5333347320557,0,1,0,0
26,7.0,1.0,3.0241663111307524,491.7566776275635,0,1,0,0
27,12.0,4.0,2.0,477.9305458068848,0,1,0,0
28,14.0,2.0,3.009586048829198,563.0950927734375,0,1,0,0
29,12.0,4.0,2.0,431.40649795532227,0,1,0,0
30,3.75,0.25,4.058893689053568,598.79469871521,1,1,0,0
31,7.5,0.5,4.0636946753173895,465.5673503875733,1,1,0,0
32,9.0,3.0,2.0031882776310477,748.7266063690186,0,1,0,0
33,15.0,1.0,4.026560826271135,547.116756439209,0,1,0,0
34,15.0,1.0,4.026560826271135,466.28737449646,0,1,0,0
35,9.0,3.0,2.0031882776310477,467.99468994140625,0,1,0,0
36,3.0,1.0,2.019365324866931,503.8888454437256,0,1,0,0
37,7.0,1.0,3.0241663111307524,444.6179866790771,0,1,0,0
38,6.0,2.0,2.004800986263821,452.1462917327881,0,1,0,0
39,11.25,0.75,4.016012317988631,512.352705001831,1,1,0,0
40,7.0,1.0,3.0241663111307524,466.54415130615234,0,1,0,0
41,6.0,2.0,2.004800986263821,497.1256256103515,0,1,0,0
42,14.0,2.0,3.009586048829198,496.37627601623535,0,1,0,0
43,15.0,1.0,4.026560826271135,564.5754337310791,0,1,0,0
44,7.5,0.5,4.0636946753173895,548.1133460998535,1,1,0,0
45,1.75,0.25,3.0588936890535683,588.0355834960938,1,1,0,0
46,12.0,4.0,2.0,515.6857967376709,0,1,0,0
47,9.0,3.0,2.0031882776310477,529.8745632171631,0,1,0,0
48,14.0,2.0,3.009586048829198,450.18577575683594,0,1,0,0
49,7.5,0.5,4.0636946753173895,621.7873096466064,1,1,0,0
50,7.0,1.0,3.0241663111307524,463.22154998779297,0,1,0,0
51,15.0,1.0,4.026560826271135,666.9065952301025,0,1,0,0
52,3.5,0.5,3.0588936890535683,580.796480178833,1,1,0,0
53,3.75,0.25,4.058893689053568,482.4812412261963,1,1,0,0
54,6.0,2.0,2.004800986263821,612.8039360046387,0,1,0,0
55,6.0,2.0,2.004800986263821,484.67493057250977,0,1,0,0
56,7.5,0.5,4.0636946753173895,516.3986682891846,1,1,0,0
57,3.75,0.25,4.058893689053568,564.1746520996094,1,1,0,0
58,11.25,0.75,4.016012317988631,446.5792179107666,0,1,0,0
59,1.75,0.25,3.0588936890535683,846.4107513427734,0,1,0,0
0,7.5,0.5,4.0636946753173895,613.4603023529053,0,2,1,0
1,14.0,2.0,3.009586048829198,524.0888595581055,0,2,1,0
2,9.0,3.0,2.0031882776310477,532.8619480133057,0,2,1,0
3,3.0,1.0,2.019365324866931,563.7176036834717,1,2,1,0
4,9.0,3.0,2.0031882776310477,416.7313575744629,0,2,1,0
5,11.25,0.75,4.016012317988631,454.4990062713623,1,2,1,0
6,3.75,0.25,4.058893689053568,547.64723777771,1,2,1,0
7,3.5,0.5,3.0588936890535683,502.5637149810791,1,2,1,0
8,6.0,2.0,2.004800986263821,465.8842086791992,0,2,1,0
9,3.75,0.25,4.058893689053568,484.4343662261963,1,2,1,0
10,12.0,4.0,2.0,432.3709011077881,0,2,1,0
11,3.0,1.0,2.019365324866931,416.8097972869873,1,2,1,0
12,7.5,0.5,4.0636946753173895,426.7995357513428,1,2,1,0
13,3.5,0.5,3.0588936890535683,447.7536678314209,1,2,1,0
14,3.75,0.25,4.058893689053568,524.9879360198975,1,2,1,0
15,12.0,4.0,2.0,488.05856704711914,0,2,1,0
16,9.0,3.0,2.0031882776310477,499.265193939209,0,2,1,0
17,7.0,1.0,3.0241663111307524,399.045467376709,0,2,1,0
18,1.75,0.25,3.0588936890535683,431.514024734497,1,2,1,0
19,14.0,2.0,3.009586048829198,514.7271156311035,0,2,1,0
20,15.0,1.0,4.026560826271135,665.5638217926025,0,2,1,0
21,9.0,3.0,2.0031882776310477,513.9133930206299,0,2,1,0
22,15.0,1.0,4.026560826271135,534.705638885498,0,2,1,0
23,1.75,0.25,3.0588936890535683,496.07396125793457,1,2,1,0
24,1.75,0.25,3.0588936890535683,480.18741607666016,1,2,1,0
25,3.0,1.0,2.019365324866931,466.3887023925781,1,2,1,0
26,11.25,0.75,4.016012317988631,532.6783657073975,0,2,1,0
27,15.0,1.0,4.026560826271135,599.9782085418701,1,2,1,0
28,6.0,2.0,2.004800986263821,448.7247467041016,0,2,1,0
29,7.5,0.5,4.0636946753173895,482.41138458251953,1,2,1,0
30,11.25,0.75,4.016012317988631,518.3126926422119,0,2,1,0
31,3.5,0.5,3.0588936890535683,498.95429611206055,1,2,1,0
32,7.0,1.0,3.0241663111307524,498.492956161499,1,2,1,0
33,15.0,1.0,4.026560826271135,598.9127159118652,1,2,1,0
34,14.0,2.0,3.009586048829198,448.37355613708496,0,2,1,0
35,12.0,4.0,2.0,512.094259262085,0,2,1,0
36,3.0,1.0,2.019365324866931,743.1585788726807,1,2,1,0
37,3.5,0.5,3.0588936890535683,481.43506050109863,1,2,1,0
38,14.0,2.0,3.009586048829198,570.7545280456543,0,2,1,0
39,1.75,0.25,3.0588936890535683,533.332347869873,1,2,1,0
40,7.0,1.0,3.0241663111307524,577.7337551116943,1,2,1,0
41,3.75,0.25,4.058893689053568,600.6796360015869,1,2,1,0
42,3.0,1.0,2.019365324866931,547.6381778717041,1,2,1,0
43,15.0,1.0,4.026560826271135,583.3165645599365,1,2,1,0
44,12.0,4.0,2.0,478.0876636505127,0,2,1,0
45,7.5,0.5,4.0636946753173895,543.6491966247559,1,2,1,0
46,6.0,2.0,2.004800986263821,681.8211078643799,0,2,1,0
47,7.0,1.0,3.0241663111307524,485.6092929840088,1,2,1,0
48,14.0,2.0,3.009586048829198,510.5493068695069,0,2,1,0
49,9.0,3.0,2.0031882776310477,368.7460422515869,0,2,1,0
50,1.75,0.25,3.0588936890535683,492.5076961517334,1,2,1,0
51,6.0,2.0,2.004800986263821,548.40087890625,0,2,1,0
52,11.25,0.75,4.016012317988631,846.3208675384521,1,2,1,0
53,6.0,2.0,2.004800986263821,401.3264179229736,0,2,1,0
54,7.0,1.0,3.0241663111307524,615.485429763794,1,2,1,0
55,3.5,0.5,3.0588936890535683,380.46717643737793,1,2,1,0
56,11.25,0.75,4.016012317988631,498.93879890441895,1,2,1,0
57,7.5,0.5,4.0636946753173895,398.38480949401855,1,2,1,0
58,12.0,4.0,2.0,437.5886917114258,0,2,1,0
59,3.75,0.25,4.058893689053568,528.4180641174316,1,2,1,0
0,7.0,1.0,3.0241663111307524,1524.2784023284912,0,2,1,1
1,12.0,4.0,2.0,584.7961902618408,1,2,1,1
2,7.5,0.5,4.0636946753173895,710.1402282714844,1,2,1,1
3,6.0,2.0,2.004800986263821,748.110294342041,1,2,1,1
4,3.5,0.5,3.0588936890535683,897.031307220459,1,2,1,1
5,9.0,3.0,2.0031882776310477,865.2873039245605,0,2,1,1
6,7.5,0.5,4.0636946753173895,844.7322845458984,1,2,1,1
7,3.75,0.25,4.058893689053568,1134.4361305236816,1,2,1,1
8,1.75,0.25,3.0588936890535683,969.879388809204,1,2,1,1
9,7.5,0.5,4.0636946753173895,935.6379508972168,0,2,1,1
10,3.5,0.5,3.0588936890535683,945.0654983520508,0,2,1,1
11,3.5,0.5,3.0588936890535683,977.7438640594482,0,2,1,1
12,11.25,0.75,4.016012317988631,878.3106803894043,1,2,1,1
13,7.0,1.0,3.0241663111307524,1034.604787826538,0,2,1,1
14,15.0,1.0,4.026560826271135,1058.4821701049805,1,2,1,1
15,14.0,2.0,3.009586048829198,897.2282409667969,0,2,1,1
16,15.0,1.0,4.026560826271135,1132.321834564209,0,2,1,1
17,7.5,0.5,4.0636946753173895,863.6035919189453,1,2,1,1
18,14.0,2.0,3.009586048829198,784.3554019927979,0,2,1,1
19,11.25,0.75,4.016012317988631,1185.9183311462402,0,2,1,1
20,7.0,1.0,3.0241663111307524,698.2500553131104,0,2,1,1
21,3.0,1.0,2.019365324866931,657.8519344329834,0,2,1,1
22,9.0,3.0,2.0031882776310477,842.5214290618896,0,2,1,1
23,14.0,2.0,3.009586048829198,1028.991460800171,0,2,1,1
24,1.75,0.25,3.0588936890535683,1464.7150039672852,1,2,1,1
25,11.25,0.75,4.016012317988631,1243.6652183532717,0,2,1,1
26,12.0,4.0,2.0,1099.8828411102295,0,2,1,1
27,1.75,0.25,3.0588936890535683,1623.1215000152588,0,2,1,1
28,3.75,0.25,4.058893689053568,1161.2036228179932,1,2,1,1
29,3.75,0.25,4.058893689053568,1322.9079246520996,0,2,1,1
30,9.0,3.0,2.0031882776310477,794.1088676452637,0,2,1,1
31,3.0,1.0,2.019365324866931,999.9425411224364,1,2,1,1
32,7.0,1.0,3.0241663111307524,896.9123363494873,0,2,1,1
33,15.0,1.0,4.026560826271135,928.2898902893066,0,2,1,1
34,11.25,0.75,4.016012317988631,903.395175933838,0,2,1,1
35,12.0,4.0,2.0,642.6956653594971,0,2,1,1
36,3.0,1.0,2.019365324866931,1173.9895343780518,0,2,1,1
37,7.0,1.0,3.0241663111307524,916.588306427002,0,2,1,1
38,15.0,1.0,4.026560826271135,1018.0609226226808,0,2,1,1
39,6.0,2.0,2.004800986263821,779.7813415527344,0,2,1,1
40,14.0,2.0,3.009586048829198,943.0577754974364,0,2,1,1
41,9.0,3.0,2.0031882776310477,1784.3787670135498,0,2,1,1
42,12.0,4.0,2.0,897.6807594299316,0,2,1,1
43,1.75,0.25,3.0588936890535683,1164.6831035614014,0,2,1,1
44,14.0,2.0,3.009586048829198,1077.4497985839844,0,2,1,1
45,3.5,0.5,3.0588936890535683,1097.224473953247,0,2,1,1
46,11.25,0.75,4.016012317988631,1016.7112350463868,1,2,1,1
47,6.0,2.0,2.004800986263821,944.7991847991944,0,2,1,1
48,3.5,0.5,3.0588936890535683,1102.4837493896484,0,2,1,1
49,15.0,1.0,4.026560826271135,992.5897121429444,1,2,1,1
50,3.75,0.25,4.058893689053568,1044.3642139434814,1,2,1,1
51,7.5,0.5,4.0636946753173895,1162.4221801757812,0,2,1,1
52,6.0,2.0,2.004800986263821,763.690710067749,0,2,1,1
53,12.0,4.0,2.0,658.4346294403076,0,2,1,1
54,3.0,1.0,2.019365324866931,1097.973108291626,0,2,1,1
55,6.0,2.0,2.004800986263821,709.0497016906738,0,2,1,1
56,9.0,3.0,2.0031882776310477,773.1986045837402,0,2,1,1
57,3.75,0.25,4.058893689053568,1406.5375328063965,0,2,1,1
58,1.75,0.25,3.0588936890535683,1176.76043510437,0,2,1,1
59,3.0,1.0,2.019365324866931,1252.6633739471436,0,2,1,1
0,7.0,1.0,3.0241663111307524,1072.136163711548,0,3,0,1
1,1.75,0.25,3.0588936890535683,1115.0908470153809,0,3,0,1
2,15.0,1.0,4.026560826271135,712.4297618865967,1,3,0,1
3,14.0,2.0,3.009586048829198,1036.4258289337158,0,3,0,1
4,7.5,0.5,4.0636946753173895,979.8917770385742,0,3,0,1
5,1.75,0.25,3.0588936890535683,952.69513130188,0,3,0,1
6,14.0,2.0,3.009586048829198,746.9851970672607,0,3,0,1
7,3.0,1.0,2.019365324866931,762.2370719909668,0,3,0,1
8,3.0,1.0,2.019365324866931,659.254789352417,0,3,0,1
9,14.0,2.0,3.009586048829198,762.1116638183594,0,3,0,1
10,12.0,4.0,2.0,682.1551322937012,0,3,0,1
11,6.0,2.0,2.004800986263821,729.0792465209961,0,3,0,1
12,9.0,3.0,2.0031882776310477,702.9881477355957,0,3,0,1
13,9.0,3.0,2.0031882776310477,619.1253662109375,1,3,0,1
14,3.5,0.5,3.0588936890535683,293.6131954193115,1,3,0,1
15,12.0,4.0,2.0,975.5039215087892,0,3,0,1
16,1.75,0.25,3.0588936890535683,1317.6238536834717,1,3,0,1
17,9.0,3.0,2.0031882776310477,849.1554260253906,0,3,0,1
18,6.0,2.0,2.004800986263821,811.4194869995117,0,3,0,1
19,15.0,1.0,4.026560826271135,1493.786096572876,0,3,0,1
20,1.75,0.25,3.0588936890535683,976.2251377105712,1,3,0,1
21,11.25,0.75,4.016012317988631,1129.1472911834717,0,3,0,1
22,15.0,1.0,4.026560826271135,1007.493257522583,0,3,0,1
23,11.25,0.75,4.016012317988631,1053.9672374725342,1,3,0,1
24,15.0,1.0,4.026560826271135,1339.174509048462,0,3,0,1
25,3.5,0.5,3.0588936890535683,828.4146785736084,0,3,0,1
26,6.0,2.0,2.004800986263821,858.6437702178955,0,3,0,1
27,6.0,2.0,2.004800986263821,1368.7984943389893,0,3,0,1
28,3.0,1.0,2.019365324866931,827.5401592254639,0,3,0,1
29,3.75,0.25,4.058893689053568,766.8201923370361,0,3,0,1
30,7.5,0.5,4.0636946753173895,945.1291561126708,0,3,0,1
31,11.25,0.75,4.016012317988631,961.0896110534668,0,3,0,1
32,7.5,0.5,4.0636946753173895,930.9289455413818,0,3,0,1
33,6.0,2.0,2.004800986263821,613.0902767181396,0,3,0,1
34,7.0,1.0,3.0241663111307524,692.3954486846924,1,3,0,1
35,7.5,0.5,4.0636946753173895,1126.554012298584,0,3,0,1
36,15.0,1.0,4.026560826271135,809.9203109741211,0,3,0,1
37,3.75,0.25,4.058893689053568,954.517126083374,1,3,0,1
38,3.0,1.0,2.019365324866931,690.3960704803467,1,3,0,1
39,7.0,1.0,3.0241663111307524,759.7939968109131,1,3,0,1
40,3.0,1.0,2.019365324866931,662.6479625701904,0,3,0,1
41,7.0,1.0,3.0241663111307524,702.533483505249,0,3,0,1
42,3.5,0.5,3.0588936890535683,663.2120609283447,1,3,0,1
43,12.0,4.0,2.0,674.7148036956787,0,3,0,1
44,14.0,2.0,3.009586048829198,649.2264270782471,1,3,0,1
45,9.0,3.0,2.0031882776310477,629.9803256988525,0,3,0,1
46,11.25,0.75,4.016012317988631,833.3611488342285,1,3,0,1
47,7.5,0.5,4.0636946753173895,797.4810600280762,0,3,0,1
48,9.0,3.0,2.0031882776310477,563.042163848877,0,3,0,1
49,11.25,0.75,4.016012317988631,857.3038578033447,0,3,0,1
50,3.75,0.25,4.058893689053568,1017.9429054260254,0,3,0,1
51,3.5,0.5,3.0588936890535683,982.2065830230712,1,3,0,1
52,1.75,0.25,3.0588936890535683,1011.0921859741212,1,3,0,1
53,3.75,0.25,4.058893689053568,715.4514789581299,1,3,0,1
54,3.5,0.5,3.0588936890535683,942.5182342529296,0,3,0,1
55,12.0,4.0,2.0,577.3231983184814,0,3,0,1
56,12.0,4.0,2.0,554.3520450592041,0,3,0,1
57,14.0,2.0,3.009586048829198,628.2949447631836,1,3,0,1
58,7.0,1.0,3.0241663111307524,901.7932415008544,0,3,0,1
59,3.75,0.25,4.058893689053568,730.3867340087891,0,3,0,1
0,7.5,0.5,4.0636946753173895,697.8335380554199,0,3,0,0
1,1.75,0.25,3.0588936890535683,531.0072898864746,1,3,0,0
2,12.0,4.0,2.0,611.6664409637451,0,3,0,0
3,9.0,3.0,2.0031882776310477,433.3417415618897,0,3,0,0
4,3.75,0.25,4.058893689053568,650.3462791442871,1,3,0,0
5,9.0,3.0,2.0031882776310477,458.8160514831543,0,3,0,0
6,11.25,0.75,4.016012317988631,612.3960018157959,0,3,0,0
7,7.5,0.5,4.0636946753173895,645.9662914276123,0,3,0,0
8,7.0,1.0,3.0241663111307524,499.1929531097412,0,3,0,0
9,15.0,1.0,4.026560826271135,564.0206336975098,0,3,0,0
10,1.75,0.25,3.0588936890535683,765.6419277191162,1,3,0,0
11,14.0,2.0,3.009586048829198,450.6232738494873,0,3,0,0
12,14.0,2.0,3.009586048829198,480.9379577636719,0,3,0,0
13,3.5,0.5,3.0588936890535683,635.9117031097412,1,3,0,0
14,1.75,0.25,3.0588936890535683,579.0445804595947,1,3,0,0
15,9.0,3.0,2.0031882776310477,458.8940143585205,0,3,0,0
16,15.0,1.0,4.026560826271135,582.036018371582,0,3,0,0
17,3.0,1.0,2.019365324866931,700.2313137054443,0,3,0,0
18,1.75,0.25,3.0588936890535683,898.9975452423096,1,3,0,0
19,9.0,3.0,2.0031882776310477,393.82028579711914,0,3,0,0
20,14.0,2.0,3.009586048829198,562.6492500305176,0,3,0,0
21,14.0,2.0,3.009586048829198,409.2082977294922,0,3,0,0
22,3.0,1.0,2.019365324866931,668.0324077606201,0,3,0,0
23,7.0,1.0,3.0241663111307524,430.2997589111328,0,3,0,0
24,6.0,2.0,2.004800986263821,492.6128387451172,0,3,0,0
25,6.0,2.0,2.004800986263821,428.1778335571289,0,3,0,0
26,9.0,3.0,2.0031882776310477,478.34157943725586,0,3,0,0
27,15.0,1.0,4.026560826271135,498.90875816345215,1,3,0,0
28,15.0,1.0,4.026560826271135,465.6696319580078,1,3,0,0
29,6.0,2.0,2.004800986263821,533.6651802062988,0,3,0,0
30,1.75,0.25,3.0588936890535683,522.8853225708008,1,3,0,0
31,3.75,0.25,4.058893689053568,499.0971088409424,1,3,0,0
32,6.0,2.0,2.004800986263821,430.7515621185303,0,3,0,0
33,7.0,1.0,3.0241663111307524,497.6041316986084,0,3,0,0
34,6.0,2.0,2.004800986263821,432.2943687438965,0,3,0,0
35,12.0,4.0,2.0,482.8102588653565,0,3,0,0
36,3.5,0.5,3.0588936890535683,467.7739143371582,1,3,0,0
37,3.5,0.5,3.0588936890535683,634.0715885162354,1,3,0,0
38,3.0,1.0,2.019365324866931,464.37907218933105,0,3,0,0
39,7.0,1.0,3.0241663111307524,495.955228805542,0,3,0,0
40,11.25,0.75,4.016012317988631,487.9021644592285,1,3,0,0
41,11.25,0.75,4.016012317988631,532.9363346099854,0,3,0,0
42,7.0,1.0,3.0241663111307524,705.298900604248,1,3,0,0
43,7.5,0.5,4.0636946753173895,566.7974948883057,1,3,0,0
44,3.75,0.25,4.058893689053568,811.6319179534912,1,3,0,0
45,3.75,0.25,4.058893689053568,541.6650772094727,1,3,0,0
46,11.25,0.75,4.016012317988631,668.8058376312256,1,3,0,0
47,12.0,4.0,2.0,448.9321708679199,0,3,0,0
48,3.5,0.5,3.0588936890535683,450.1814842224121,1,3,0,0
49,3.0,1.0,2.019365324866931,508.4664821624756,0,3,0,0
50,3.75,0.25,4.058893689053568,533.4675312042236,1,3,0,0
51,14.0,2.0,3.009586048829198,469.5286750793457,0,3,0,0
52,3.0,1.0,2.019365324866931,403.23328971862793,1,3,0,0
53,3.5,0.5,3.0588936890535683,431.7786693572998,1,3,0,0
54,7.5,0.5,4.0636946753173895,496.5240955352783,1,3,0,0
55,12.0,4.0,2.0,533.1950187683105,0,3,0,0
56,11.25,0.75,4.016012317988631,450.02079010009766,0,3,0,0
57,15.0,1.0,4.026560826271135,530.4811000823975,0,3,0,0
58,7.5,0.5,4.0636946753173895,694.3559646606445,1,3,0,0
59,12.0,4.0,2.0,536.2548828125,0,3,0,0
0,14.0,2.0,3.009586048829198,566.5090084075928,0,4,1,0
1,3.5,0.5,3.0588936890535683,595.1793193817139,1,4,1,0
2,7.5,0.5,4.0636946753173895,643.0683135986328,0,4,1,0
3,9.0,3.0,2.0031882776310477,460.768461227417,0,4,1,0
4,15.0,1.0,4.026560826271135,517.1737670898438,0,4,1,0
5,7.5,0.5,4.0636946753173895,580.1866054534912,1,4,1,0
6,9.0,3.0,2.0031882776310477,426.8310070037842,0,4,1,0
7,1.75,0.25,3.0588936890535683,698.6017227172852,1,4,1,0
8,1.75,0.25,3.0588936890535683,446.8958377838135,1,4,1,0
9,3.0,1.0,2.019365324866931,429.46839332580566,0,4,1,0
10,14.0,2.0,3.009586048829198,500.2937316894531,0,4,1,0
11,14.0,2.0,3.009586048829198,482.87510871887207,0,4,1,0
12,6.0,2.0,2.004800986263821,447.86787033081055,0,4,1,0
13,12.0,4.0,2.0,467.07606315612793,0,4,1,0
14,12.0,4.0,2.0,415.1222705841065,0,4,1,0
15,3.5,0.5,3.0588936890535683,516.1275863647461,0,4,1,0
16,11.25,0.75,4.016012317988631,414.8740768432617,1,4,1,0
17,9.0,3.0,2.0031882776310477,465.7244682312012,0,4,1,0
18,7.0,1.0,3.0241663111307524,1054.2902946472168,0,4,1,0
19,9.0,3.0,2.0031882776310477,469.8488712310791,0,4,1,0
20,3.0,1.0,2.019365324866931,416.94140434265137,1,4,1,0
21,7.0,1.0,3.0241663111307524,625.1561641693115,1,4,1,0
22,1.75,0.25,3.0588936890535683,596.2545871734619,1,4,1,0
23,14.0,2.0,3.009586048829198,582.9141139984131,0,4,1,0
24,11.25,0.75,4.016012317988631,531.8474769592285,1,4,1,0
25,15.0,1.0,4.026560826271135,730.2448749542236,0,4,1,0
26,11.25,0.75,4.016012317988631,596.8992710113525,1,4,1,0
27,3.0,1.0,2.019365324866931,502.7182102203369,0,4,1,0
28,3.75,0.25,4.058893689053568,613.0001544952393,1,4,1,0
29,12.0,4.0,2.0,450.91867446899414,0,4,1,0
30,11.25,0.75,4.016012317988631,468.4603214263916,0,4,1,0
31,6.0,2.0,2.004800986263821,728.8486957550049,0,4,1,0
32,1.75,0.25,3.0588936890535683,529.6995639801025,1,4,1,0
33,3.0,1.0,2.019365324866931,427.6878833770752,0,4,1,0
34,6.0,2.0,2.004800986263821,510.2128982543946,0,4,1,0
35,7.5,0.5,4.0636946753173895,547.1847057342529,0,4,1,0
36,7.5,0.5,4.0636946753173895,566.7524337768555,1,4,1,0
37,3.75,0.25,4.058893689053568,539.0172004699707,1,4,1,0
38,3.5,0.5,3.0588936890535683,487.1428012847901,1,4,1,0
39,3.0,1.0,2.019365324866931,487.9786968231201,0,4,1,0
40,12.0,4.0,2.0,614.4607067108154,0,4,1,0
41,15.0,1.0,4.026560826271135,867.3124313354492,0,4,1,0
42,7.0,1.0,3.0241663111307524,467.9622650146485,0,4,1,0
43,6.0,2.0,2.004800986263821,486.3049983978271,0,4,1,0
44,7.0,1.0,3.0241663111307524,563.2932186126709,0,4,1,0
45,7.0,1.0,3.0241663111307524,509.7808837890625,1,4,1,0
46,3.75,0.25,4.058893689053568,712.9099369049072,1,4,1,0
47,3.5,0.5,3.0588936890535683,612.8771305084229,0,4,1,0
48,3.75,0.25,4.058893689053568,583.6422443389893,1,4,1,0
49,3.5,0.5,3.0588936890535683,534.7201824188232,1,4,1,0
50,14.0,2.0,3.009586048829198,599.8656749725342,0,4,1,0
51,15.0,1.0,4.026560826271135,739.6876811981201,1,4,1,0
52,6.0,2.0,2.004800986263821,498.671293258667,0,4,1,0
53,12.0,4.0,2.0,483.339786529541,0,4,1,0
54,3.75,0.25,4.058893689053568,626.6324520111084,1,4,1,0
55,11.25,0.75,4.016012317988631,794.7862148284912,1,4,1,0
56,9.0,3.0,2.0031882776310477,517.9829597473145,0,4,1,0
57,7.5,0.5,4.0636946753173895,683.222770690918,1,4,1,0
58,15.0,1.0,4.026560826271135,715.7876491546631,0,4,1,0
59,1.75,0.25,3.0588936890535683,633.2352161407471,1,4,1,0
0,7.5,0.5,4.0636946753173895,1574.4075775146484,1,4,1,1
1,9.0,3.0,2.0031882776310477,730.5808067321777,0,4,1,1
2,11.25,0.75,4.016012317988631,1008.9271068572998,0,4,1,1
3,14.0,2.0,3.009586048829198,1085.5045318603516,1,4,1,1
4,3.0,1.0,2.019365324866931,880.8639049530029,0,4,1,1
5,15.0,1.0,4.026560826271135,906.9256782531738,0,4,1,1
6,6.0,2.0,2.004800986263821,761.9161605834961,0,4,1,1
7,14.0,2.0,3.009586048829198,465.5239582061768,1,4,1,1
8,7.5,0.5,4.0636946753173895,147.38035202026367,1,4,1,1
9,3.0,1.0,2.019365324866931,234.58456993103027,1,4,1,1
10,6.0,2.0,2.004800986263821,396.35419845581055,1,4,1,1
11,7.0,1.0,3.0241663111307524,1690.4377937316897,0,4,1,1
12,1.75,0.25,3.0588936890535683,1063.8632774353027,1,4,1,1
13,7.5,0.5,4.0636946753173895,1210.0269794464111,0,4,1,1
14,6.0,2.0,2.004800986263821,859.2288494110107,0,4,1,1
15,15.0,1.0,4.026560826271135,1048.2089519500732,0,4,1,1
16,1.75,0.25,3.0588936890535683,1056.070327758789,0,4,1,1
17,14.0,2.0,3.009586048829198,919.3224906921388,0,4,1,1
18,15.0,1.0,4.026560826271135,1081.7441940307615,0,4,1,1
19,12.0,4.0,2.0,809.8433017730713,0,4,1,1
20,3.75,0.25,4.058893689053568,1006.8416595458984,0,4,1,1
21,12.0,4.0,2.0,709.9499702453613,0,4,1,1
22,11.25,0.75,4.016012317988631,1037.53662109375,0,4,1,1
23,3.5,0.5,3.0588936890535683,1223.7215042114258,0,4,1,1
24,3.75,0.25,4.058893689053568,1240.555763244629,1,4,1,1
25,3.0,1.0,2.019365324866931,1122.387409210205,0,4,1,1
26,11.25,0.75,4.016012317988631,969.3553447723388,0,4,1,1
27,3.5,0.5,3.0588936890535683,1092.895746231079,0,4,1,1
28,11.25,0.75,4.016012317988631,912.867307662964,0,4,1,1
29,9.0,3.0,2.0031882776310477,922.2455024719238,0,4,1,1
30,9.0,3.0,2.0031882776310477,880.000114440918,0,4,1,1
31,11.25,0.75,4.016012317988631,1103.7583351135254,0,4,1,1
32,15.0,1.0,4.026560826271135,910.4149341583252,0,4,1,1
33,7.5,0.5,4.0636946753173895,1325.3931999206543,0,4,1,1
34,3.75,0.25,4.058893689053568,1057.4102401733398,1,4,1,1
35,12.0,4.0,2.0,728.9419174194336,0,4,1,1
36,3.75,0.25,4.058893689053568,1808.0453872680664,0,4,1,1
37,7.0,1.0,3.0241663111307524,993.3633804321288,0,4,1,1
38,1.75,0.25,3.0588936890535683,1120.1038360595703,0,4,1,1
39,7.5,0.5,4.0636946753173895,1510.6496810913086,0,4,1,1
40,15.0,1.0,4.026560826271135,1027.437448501587,0,4,1,1
41,9.0,3.0,2.0031882776310477,848.0565547943115,0,4,1,1
42,7.0,1.0,3.0241663111307524,1035.3608131408691,0,4,1,1
43,1.75,0.25,3.0588936890535683,1234.7538471221924,1,4,1,1
44,14.0,2.0,3.009586048829198,962.4111652374268,1,4,1,1
45,6.0,2.0,2.004800986263821,836.9085788726807,0,4,1,1
46,3.75,0.25,4.058893689053568,1436.80739402771,0,4,1,1
47,3.5,0.5,3.0588936890535683,1406.0351848602295,0,4,1,1
48,1.75,0.25,3.0588936890535683,1424.2873191833496,0,4,1,1
49,3.0,1.0,2.019365324866931,797.8255748748779,0,4,1,1
50,3.5,0.5,3.0588936890535683,1042.7303314208984,0,4,1,1
51,3.5,0.5,3.0588936890535683,1026.6852378845217,0,4,1,1
52,7.0,1.0,3.0241663111307524,1029.106855392456,0,4,1,1
53,12.0,4.0,2.0,875.6804466247559,0,4,1,1
54,6.0,2.0,2.004800986263821,716.9561386108398,0,4,1,1
55,3.0,1.0,2.019365324866931,1026.6344547271729,0,4,1,1
56,14.0,2.0,3.009586048829198,811.8557929992676,0,4,1,1
57,7.0,1.0,3.0241663111307524,909.9240303039552,0,4,1,1
58,9.0,3.0,2.0031882776310477,736.1364364624023,0,4,1,1
59,12.0,4.0,2.0,665.2324199676514,0,4,1,1
0,15.0,1.0,4.026560826271135,1853.508234024048,0,5,0,1
1,12.0,4.0,2.0,1522.352695465088,0,5,0,1
2,3.5,0.5,3.0588936890535683,2162.463665008545,0,5,0,1
3,9.0,3.0,2.0031882776310477,1527.5282859802246,0,5,0,1
4,1.75,0.25,3.0588936890535683,1816.3611888885496,0,5,0,1
5,9.0,3.0,2.0031882776310477,1099.055528640747,0,5,0,1
6,6.0,2.0,2.004800986263821,1126.597881317139,0,5,0,1
7,1.75,0.25,3.0588936890535683,1225.1806259155271,0,5,0,1
8,14.0,2.0,3.009586048829198,1344.1171646118164,0,5,0,1
9,3.0,1.0,2.019365324866931,1366.7094707489014,0,5,0,1
10,15.0,1.0,4.026560826271135,1730.5009365081787,0,5,0,1
11,6.0,2.0,2.004800986263821,1146.6000080108645,0,5,0,1
12,14.0,2.0,3.009586048829198,1528.869867324829,0,5,0,1
13,7.0,1.0,3.0241663111307524,1109.403371810913,0,5,0,1
14,7.0,1.0,3.0241663111307524,1168.3077812194824,0,5,0,1
15,3.0,1.0,2.019365324866931,1252.8870105743408,0,5,0,1
16,15.0,1.0,4.026560826271135,1465.132713317871,0,5,0,1
17,9.0,3.0,2.0031882776310477,1330.216884613037,0,5,0,1
18,7.5,0.5,4.0636946753173895,1599.8013019561768,0,5,0,1
19,12.0,4.0,2.0,1115.6551837921145,0,5,0,1
20,7.0,1.0,3.0241663111307524,1551.7735481262207,0,5,0,1
21,3.5,0.5,3.0588936890535683,1403.055191040039,0,5,0,1
22,7.0,1.0,3.0241663111307524,1219.2227840423584,0,5,0,1
23,3.75,0.25,4.058893689053568,1277.7316570281982,1,5,0,1
24,12.0,4.0,2.0,1425.894260406494,0,5,0,1
25,3.5,0.5,3.0588936890535683,1714.3940925598145,0,5,0,1
26,11.25,0.75,4.016012317988631,1547.0895767211914,0,5,0,1
27,3.75,0.25,4.058893689053568,1243.7443733215332,0,5,0,1
28,9.0,3.0,2.0031882776310477,1348.3877182006836,0,5,0,1
29,1.75,0.25,3.0588936890535683,1437.281608581543,0,5,0,1
30,3.0,1.0,2.019365324866931,1092.6434993743896,0,5,0,1
31,3.75,0.25,4.058893689053568,1542.1884059906006,0,5,0,1
32,1.75,0.25,3.0588936890535683,1411.0114574432373,0,5,0,1
33,14.0,2.0,3.009586048829198,248.92091751098633,1,5,0,1
34,3.75,0.25,4.058893689053568,1903.911828994751,0,5,0,1
35,3.5,0.5,3.0588936890535683,1680.8528900146484,0,5,0,1
36,15.0,1.0,4.026560826271135,1571.1123943328855,0,5,0,1
37,14.0,2.0,3.009586048829198,1682.898759841919,0,5,0,1
38,3.0,1.0,2.019365324866931,990.05389213562,0,5,0,1
39,3.0,1.0,2.019365324866931,1195.4588890075684,0,5,0,1
40,7.5,0.5,4.0636946753173895,1462.6529216766355,0,5,0,1
41,12.0,4.0,2.0,1159.968376159668,0,5,0,1
42,1.75,0.25,3.0588936890535683,1877.422571182251,0,5,0,1
43,9.0,3.0,2.0031882776310477,1272.8440761566162,0,5,0,1
44,7.0,1.0,3.0241663111307524,1303.0784130096436,0,5,0,1
45,15.0,1.0,4.026560826271135,1365.269899368286,0,5,0,1
46,3.5,0.5,3.0588936890535683,1605.8847904205322,1,5,0,1
47,11.25,0.75,4.016012317988631,1523.1051445007324,0,5,0,1
48,12.0,4.0,2.0,1316.8811798095703,0,5,0,1
49,7.5,0.5,4.0636946753173895,1450.3414630889893,0,5,0,1
50,14.0,2.0,3.009586048829198,1378.2784938812256,0,5,0,1
51,6.0,2.0,2.004800986263821,1319.5197582244873,0,5,0,1
52,11.25,0.75,4.016012317988631,1330.897092819214,0,5,0,1
53,6.0,2.0,2.004800986263821,1238.762140274048,0,5,0,1
54,6.0,2.0,2.004800986263821,1118.9424991607666,0,5,0,1
55,11.25,0.75,4.016012317988631,1355.0536632537842,0,5,0,1
56,3.75,0.25,4.058893689053568,1386.5010738372805,0,5,0,1
57,7.5,0.5,4.0636946753173895,1491.6303157806396,0,5,0,1
58,7.5,0.5,4.0636946753173895,1394.4056034088137,0,5,0,1
59,11.25,0.75,4.016012317988631,1305.633544921875,0,5,0,1
0,11.25,0.75,4.016012317988631,1001.7702579498292,1,5,0,0
1,6.0,2.0,2.004800986263821,640.4409408569336,0,5,0,0
2,9.0,3.0,2.0031882776310477,648.5733985900879,0,5,0,0
3,3.5,0.5,3.0588936890535683,659.4538688659668,1,5,0,0
4,1.75,0.25,3.0588936890535683,669.1737174987793,0,5,0,0
5,3.0,1.0,2.019365324866931,597.7578163146973,0,5,0,0
6,14.0,2.0,3.009586048829198,1178.1957149505615,0,5,0,0
7,12.0,4.0,2.0,1265.915870666504,0,5,0,0
8,6.0,2.0,2.004800986263821,629.9471855163574,0,5,0,0
9,7.0,1.0,3.0241663111307524,1392.838954925537,0,5,0,0
10,3.75,0.25,4.058893689053568,688.3955001831055,1,5,0,0
11,3.0,1.0,2.019365324866931,548.0279922485352,0,5,0,0
12,1.75,0.25,3.0588936890535683,562.6873970031738,0,5,0,0
13,3.5,0.5,3.0588936890535683,803.9991855621338,1,5,0,0
14,15.0,1.0,4.026560826271135,960.5519771575928,0,5,0,0
15,3.0,1.0,2.019365324866931,812.5386238098145,0,5,0,0
16,6.0,2.0,2.004800986263821,565.4430389404297,0,5,0,0
17,7.5,0.5,4.0636946753173895,692.3706531524658,0,5,0,0
18,3.75,0.25,4.058893689053568,799.1940975189209,1,5,0,0
19,3.5,0.5,3.0588936890535683,650.057315826416,0,5,0,0
20,9.0,3.0,2.0031882776310477,629.1642189025879,0,5,0,0
21,11.25,0.75,4.016012317988631,1151.4370441436768,0,5,0,0
22,3.75,0.25,4.058893689053568,1446.662425994873,1,5,0,0
23,9.0,3.0,2.0031882776310477,644.9904441833496,0,5,0,0
24,3.0,1.0,2.019365324866931,652.599573135376,0,5,0,0
25,15.0,1.0,4.026560826271135,1130.6686401367188,0,5,0,0
26,9.0,3.0,2.0031882776310477,697.8182792663574,0,5,0,0
27,7.5,0.5,4.0636946753173895,1130.7382583618164,0,5,0,0
28,14.0,2.0,3.009586048829198,897.4108695983887,0,5,0,0
29,3.75,0.25,4.058893689053568,684.6985816955566,1,5,0,0
30,6.0,2.0,2.004800986263821,499.0875720977783,0,5,0,0
31,9.0,3.0,2.0031882776310477,616.7201995849609,0,5,0,0
32,15.0,1.0,4.026560826271135,969.9254035949708,0,5,0,0
33,7.0,1.0,3.0241663111307524,626.5170574188232,0,5,0,0
34,12.0,4.0,2.0,681.5035343170166,0,5,0,0
35,3.5,0.5,3.0588936890535683,794.6114540100098,1,5,0,0
36,1.75,0.25,3.0588936890535683,681.8816661834717,1,5,0,0
37,7.0,1.0,3.0241663111307524,694.634199142456,1,5,0,0
38,7.5,0.5,4.0636946753173895,613.3968830108643,1,5,0,0
39,1.75,0.25,3.0588936890535683,780.9145450592041,1,5,0,0
40,7.5,0.5,4.0636946753173895,765.568733215332,1,5,0,0
41,7.0,1.0,3.0241663111307524,697.6783275604248,1,5,0,0
42,11.25,0.75,4.016012317988631,776.6821384429932,0,5,0,0
43,7.5,0.5,4.0636946753173895,703.16481590271,1,5,0,0
44,14.0,2.0,3.009586048829198,764.3146514892578,0,5,0,0
45,11.25,0.75,4.016012317988631,828.8273811340332,0,5,0,0
46,12.0,4.0,2.0,517.61794090271,0,5,0,0
47,14.0,2.0,3.009586048829198,719.40016746521,0,5,0,0
48,15.0,1.0,4.026560826271135,675.2066612243652,0,5,0,0
49,14.0,2.0,3.009586048829198,1033.3783626556396,0,5,0,0
50,6.0,2.0,2.004800986263821,666.7892932891846,0,5,0,0
51,3.75,0.25,4.058893689053568,834.345817565918,1,5,0,0
52,3.5,0.5,3.0588936890535683,551.722526550293,1,5,0,0
53,12.0,4.0,2.0,666.1989688873291,0,5,0,0
54,3.0,1.0,2.019365324866931,665.4517650604248,1,5,0,0
55,12.0,4.0,2.0,577.0893096923828,0,5,0,0
56,7.0,1.0,3.0241663111307524,697.6847648620605,1,5,0,0
57,1.75,0.25,3.0588936890535683,564.5091533660889,1,5,0,0
58,11.25,0.75,4.016012317988631,748.0564117431641,0,5,0,0
59,15.0,1.0,4.026560826271135,765.6705379486084,1,5,0,0
0,9.0,3.0,2.0031882776310477,563.4784698486328,0,6,1,0
1,1.75,0.25,3.0588936890535683,433.1512451171875,1,6,1,0
2,12.0,4.0,2.0,499.7215270996094,0,6,1,0
3,11.25,0.75,4.016012317988631,566.3535594940186,1,6,1,0
4,6.0,2.0,2.004800986263821,802.3867607116699,0,6,1,0
5,3.75,0.25,4.058893689053568,559.4663619995117,0,6,1,0
6,15.0,1.0,4.026560826271135,555.1950931549072,0,6,1,0
7,3.0,1.0,2.019365324866931,466.72630310058594,0,6,1,0
8,3.75,0.25,4.058893689053568,612.4169826507568,1,6,1,0
9,9.0,3.0,2.0031882776310477,552.6041984558105,0,6,1,0
10,14.0,2.0,3.009586048829198,517.7531242370605,0,6,1,0
11,1.75,0.25,3.0588936890535683,527.6484489440918,1,6,1,0
12,9.0,3.0,2.0031882776310477,445.72973251342773,0,6,1,0
13,7.0,1.0,3.0241663111307524,688.8835430145264,1,6,1,0
14,11.25,0.75,4.016012317988631,446.07043266296387,1,6,1,0
15,6.0,2.0,2.004800986263821,447.4153518676758,0,6,1,0
16,3.5,0.5,3.0588936890535683,483.4170341491699,1,6,1,0
17,1.75,0.25,3.0588936890535683,662.5757217407227,1,6,1,0
18,11.25,0.75,4.016012317988631,535.2537631988525,1,6,1,0
19,3.75,0.25,4.058893689053568,847.7249145507812,1,6,1,0
20,1.75,0.25,3.0588936890535683,588.860273361206,1,6,1,0
21,9.0,3.0,2.0031882776310477,536.4823341369629,0,6,1,0
22,6.0,2.0,2.004800986263821,410.4349613189697,0,6,1,0
23,3.0,1.0,2.019365324866931,461.2858295440674,1,6,1,0
24,3.75,0.25,4.058893689053568,463.803768157959,1,6,1,0
25,7.5,0.5,4.0636946753173895,564.4123554229736,0,6,1,0
26,12.0,4.0,2.0,485.1958751678467,0,6,1,0
27,7.0,1.0,3.0241663111307524,546.9014644622803,0,6,1,0
28,3.0,1.0,2.019365324866931,500.0607967376709,1,6,1,0
29,11.25,0.75,4.016012317988631,602.6315689086914,0,6,1,0
30,3.0,1.0,2.019365324866931,500.8726119995117,0,6,1,0
31,9.0,3.0,2.0031882776310477,444.55647468566895,0,6,1,0
32,3.5,0.5,3.0588936890535683,529.0026664733887,0,6,1,0
33,3.75,0.25,4.058893689053568,485.3148460388184,1,6,1,0
34,1.75,0.25,3.0588936890535683,467.8497314453125,1,6,1,0
35,11.25,0.75,4.016012317988631,709.0499401092529,1,6,1,0
36,3.0,1.0,2.019365324866931,613.652229309082,0,6,1,0
37,6.0,2.0,2.004800986263821,462.7566337585449,0,6,1,0
38,7.5,0.5,4.0636946753173895,463.878870010376,1,6,1,0
39,7.5,0.5,4.0636946753173895,574.3489265441895,1,6,1,0
40,7.5,0.5,4.0636946753173895,594.9141979217529,1,6,1,0
41,14.0,2.0,3.009586048829198,587.3916149139404,0,6,1,0
42,7.5,0.5,4.0636946753173895,465.26598930358887,1,6,1,0
43,7.0,1.0,3.0241663111307524,534.8451137542725,0,6,1,0
44,14.0,2.0,3.009586048829198,545.1304912567139,0,6,1,0
45,14.0,2.0,3.009586048829198,498.8296031951904,0,6,1,0
46,3.5,0.5,3.0588936890535683,482.51843452453613,0,6,1,0
47,12.0,4.0,2.0,498.75545501708984,0,6,1,0
48,12.0,4.0,2.0,513.5025978088379,0,6,1,0
49,3.5,0.5,3.0588936890535683,718.3575630187988,0,6,1,0
50,7.0,1.0,3.0241663111307524,575.735330581665,0,6,1,0
51,15.0,1.0,4.026560826271135,666.7497158050537,1,6,1,0
52,6.0,2.0,2.004800986263821,503.7918090820313,0,6,1,0
53,14.0,2.0,3.009586048829198,598.6769199371338,0,6,1,0
54,3.5,0.5,3.0588936890535683,579.0743827819824,1,6,1,0
55,15.0,1.0,4.026560826271135,519.597053527832,1,6,1,0
56,12.0,4.0,2.0,480.9927940368652,0,6,1,0
57,15.0,1.0,4.026560826271135,644.3674564361572,0,6,1,0
58,7.0,1.0,3.0241663111307524,578.5212516784668,0,6,1,0
59,15.0,1.0,4.026560826271135,600.5382537841797,0,6,1,0
0,1.75,0.25,3.0588936890535683,1914.0048027038576,1,6,1,1
1,7.5,0.5,4.0636946753173895,976.6402244567872,0,6,1,1
2,11.25,0.75,4.016012317988631,952.1818161010742,1,6,1,1
3,12.0,4.0,2.0,778.7079811096191,0,6,1,1
4,6.0,2.0,2.004800986263821,761.8050575256348,0,6,1,1
5,1.75,0.25,3.0588936890535683,788.9258861541748,1,6,1,1
6,9.0,3.0,2.0031882776310477,729.8011779785156,1,6,1,1
7,3.5,0.5,3.0588936890535683,1039.6146774291992,1,6,1,1
8,12.0,4.0,2.0,730.0777435302734,0,6,1,1
9,3.5,0.5,3.0588936890535683,1279.490947723389,0,6,1,1
10,9.0,3.0,2.0031882776310477,1121.9210624694824,0,6,1,1
11,14.0,2.0,3.009586048829198,912.0652675628662,0,6,1,1
12,3.75,0.25,4.058893689053568,963.6402130126952,0,6,1,1
13,6.0,2.0,2.004800986263821,703.3097743988037,0,6,1,1
14,3.75,0.25,4.058893689053568,1277.909755706787,0,6,1,1
15,3.0,1.0,2.019365324866931,1054.1322231292725,1,6,1,1
16,14.0,2.0,3.009586048829198,794.5663928985596,0,6,1,1
17,7.0,1.0,3.0241663111307524,812.9823207855225,0,6,1,1
18,7.0,1.0,3.0241663111307524,796.3593006134033,0,6,1,1
19,3.5,0.5,3.0588936890535683,825.8373737335205,0,6,1,1
20,9.0,3.0,2.0031882776310477,701.6561031341553,0,6,1,1
21,9.0,3.0,2.0031882776310477,683.7954521179199,0,6,1,1
22,14.0,2.0,3.009586048829198,881.7298412322998,0,6,1,1
23,12.0,4.0,2.0,678.8656711578369,0,6,1,1
24,7.0,1.0,3.0241663111307524,834.9578380584717,0,6,1,1
25,3.0,1.0,2.019365324866931,699.1457939147949,0,6,1,1
26,3.5,0.5,3.0588936890535683,1031.2607288360596,0,6,1,1
27,3.0,1.0,2.019365324866931,760.8547210693359,1,6,1,1
28,12.0,4.0,2.0,679.2750358581543,0,6,1,1
29,1.75,0.25,3.0588936890535683,1206.9542407989502,1,6,1,1
30,3.75,0.25,4.058893689053568,2110.2850437164307,0,6,1,1
31,6.0,2.0,2.004800986263821,794.6240901947021,0,6,1,1
32,15.0,1.0,4.026560826271135,941.9386386871338,0,6,1,1
33,7.0,1.0,3.0241663111307524,929.4631481170654,0,6,1,1
34,3.5,0.5,3.0588936890535683,1165.0331020355225,0,6,1,1
35,3.75,0.25,4.058893689053568,1050.621509552002,0,6,1,1
36,15.0,1.0,4.026560826271135,949.596643447876,0,6,1,1
37,7.5,0.5,4.0636946753173895,1151.6311168670654,1,6,1,1
38,1.75,0.25,3.0588936890535683,1020.67232131958,0,6,1,1
39,3.0,1.0,2.019365324866931,668.6387062072754,0,6,1,1
40,15.0,1.0,4.026560826271135,941.3790702819824,0,6,1,1
41,15.0,1.0,4.026560826271135,1032.2887897491455,1,6,1,1
42,14.0,2.0,3.009586048829198,930.9196472167968,0,6,1,1
43,7.5,0.5,4.0636946753173895,1155.4031372070312,0,6,1,1
44,9.0,3.0,2.0031882776310477,770.2643871307373,0,6,1,1
45,7.5,0.5,4.0636946753173895,1036.630153656006,0,6,1,1
46,11.25,0.75,4.016012317988631,997.8389739990234,0,6,1,1
47,1.75,0.25,3.0588936890535683,914.212703704834,0,6,1,1
48,3.0,1.0,2.019365324866931,629.3580532073975,1,6,1,1
49,7.0,1.0,3.0241663111307524,778.0985832214355,0,6,1,1
50,12.0,4.0,2.0,715.1134014129639,0,6,1,1
51,14.0,2.0,3.009586048829198,823.3668804168701,0,6,1,1
52,6.0,2.0,2.004800986263821,645.7962989807129,0,6,1,1
53,6.0,2.0,2.004800986263821,634.326696395874,0,6,1,1
54,11.25,0.75,4.016012317988631,1025.0678062438965,0,6,1,1
55,7.5,0.5,4.0636946753173895,963.165044784546,0,6,1,1
56,11.25,0.75,4.016012317988631,991.3458824157716,0,6,1,1
57,11.25,0.75,4.016012317988631,973.2649326324464,1,6,1,1
58,15.0,1.0,4.026560826271135,931.3275814056396,1,6,1,1
59,3.75,0.25,4.058893689053568,1316.0104751586914,0,6,1,1
0,15.0,1.0,4.026560826271135,1412.463665008545,0,7,0,1
1,6.0,2.0,2.004800986263821,699.91135597229,0,7,0,1
2,3.0,1.0,2.019365324866931,750.3209114074707,0,7,0,1
3,9.0,3.0,2.0031882776310477,608.6387634277344,0,7,0,1
4,12.0,4.0,2.0,598.905086517334,1,7,0,1
5,1.75,0.25,3.0588936890535683,912.245750427246,0,7,0,1
6,9.0,3.0,2.0031882776310477,796.4472770690918,0,7,0,1
7,3.75,0.25,4.058893689053568,1223.5286235809326,0,7,0,1
8,9.0,3.0,2.0031882776310477,642.9364681243896,0,7,0,1
9,9.0,3.0,2.0031882776310477,633.5256099700928,0,7,0,1
10,14.0,2.0,3.009586048829198,855.4420471191406,0,7,0,1
11,3.0,1.0,2.019365324866931,861.3948822021484,0,7,0,1
12,6.0,2.0,2.004800986263821,619.3380355834961,0,7,0,1
13,6.0,2.0,2.004800986263821,712.1548652648926,0,7,0,1
14,14.0,2.0,3.009586048829198,952.0425796508788,0,7,0,1
15,7.5,0.5,4.0636946753173895,1048.807144165039,0,7,0,1
16,7.5,0.5,4.0636946753173895,1125.2198219299316,0,7,0,1
17,3.75,0.25,4.058893689053568,1275.235652923584,0,7,0,1
18,15.0,1.0,4.026560826271135,964.4370079040528,1,7,0,1
19,6.0,2.0,2.004800986263821,861.6442680358887,0,7,0,1
20,14.0,2.0,3.009586048829198,841.5331840515137,0,7,0,1
21,14.0,2.0,3.009586048829198,742.2418594360352,0,7,0,1
22,3.75,0.25,4.058893689053568,1159.337043762207,0,7,0,1
23,3.5,0.5,3.0588936890535683,852.0636558532715,0,7,0,1
24,7.5,0.5,4.0636946753173895,865.9539222717285,0,7,0,1
25,1.75,0.25,3.0588936890535683,1092.1335220336914,1,7,0,1
26,7.0,1.0,3.0241663111307524,812.3605251312256,0,7,0,1
27,3.5,0.5,3.0588936890535683,975.2495288848876,0,7,0,1
28,11.25,0.75,4.016012317988631,811.1162185668945,0,7,0,1
29,7.0,1.0,3.0241663111307524,818.4247016906738,0,7,0,1
30,3.5,0.5,3.0588936890535683,1055.994987487793,0,7,0,1
31,3.75,0.25,4.058893689053568,1241.6002750396729,0,7,0,1
32,7.0,1.0,3.0241663111307524,823.4584331512451,0,7,0,1
33,6.0,2.0,2.004800986263821,560.9626770019531,0,7,0,1
34,3.0,1.0,2.019365324866931,776.4174938201904,0,7,0,1
35,3.0,1.0,2.019365324866931,694.0219402313232,0,7,0,1
36,15.0,1.0,4.026560826271135,1156.2018394470217,0,7,0,1
37,11.25,0.75,4.016012317988631,1010.1630687713624,0,7,0,1
38,3.5,0.5,3.0588936890535683,923.3872890472412,0,7,0,1
39,11.25,0.75,4.016012317988631,960.8464241027832,1,7,0,1
40,1.75,0.25,3.0588936890535683,1017.7731513977052,0,7,0,1
41,15.0,1.0,4.026560826271135,1187.1862411499023,0,7,0,1
42,14.0,2.0,3.009586048829198,911.2768173217772,0,7,0,1
43,1.75,0.25,3.0588936890535683,1401.991605758667,0,7,0,1
44,12.0,4.0,2.0,734.9519729614258,0,7,0,1
45,12.0,4.0,2.0,625.3805160522461,1,7,0,1
46,9.0,3.0,2.0031882776310477,132.1854591369629,1,7,0,1
47,12.0,4.0,2.0,1179.0916919708252,0,7,0,1
48,7.0,1.0,3.0241663111307524,918.1685447692872,1,7,0,1
49,7.5,0.5,4.0636946753173895,1246.065378189087,0,7,0,1
50,7.5,0.5,4.0636946753173895,803.4775257110596,0,7,0,1
51,3.0,1.0,2.019365324866931,791.5966510772705,0,7,0,1
52,7.0,1.0,3.0241663111307524,795.3593730926514,0,7,0,1
53,15.0,1.0,4.026560826271135,1078.7014961242676,0,7,0,1
54,1.75,0.25,3.0588936890535683,938.1518363952636,1,7,0,1
55,11.25,0.75,4.016012317988631,924.5717525482178,0,7,0,1
56,11.25,0.75,4.016012317988631,1092.0414924621582,0,7,0,1
57,3.5,0.5,3.0588936890535683,1088.1526470184326,0,7,0,1
58,3.75,0.25,4.058893689053568,1575.5577087402344,0,7,0,1
59,12.0,4.0,2.0,965.013027191162,0,7,0,1
0,3.0,1.0,2.019365324866931,856.065034866333,1,7,0,1
1,15.0,1.0,4.026560826271135,680.6716918945312,0,7,0,1
2,15.0,1.0,4.026560826271135,632.6289176940918,0,7,0,1
3,12.0,4.0,2.0,545.9303855895996,0,7,0,1
4,14.0,2.0,3.009586048829198,512.7785205841064,0,7,0,1
5,3.5,0.5,3.0588936890535683,586.2257480621338,0,7,0,1
6,9.0,3.0,2.0031882776310477,567.6403045654297,0,7,0,1
7,7.0,1.0,3.0241663111307524,517.2872543334961,1,7,0,1
8,3.5,0.5,3.0588936890535683,495.2507019042969,0,7,0,1
9,14.0,2.0,3.009586048829198,525.0694751739502,0,7,0,1
10,9.0,3.0,2.0031882776310477,442.72851943969727,0,7,0,1
11,1.75,0.25,3.0588936890535683,546.36549949646,1,7,0,1
12,9.0,3.0,2.0031882776310477,462.8121852874756,0,7,0,1
13,6.0,2.0,2.004800986263821,426.1407852172851,0,7,0,1
14,6.0,2.0,2.004800986263821,530.7490825653076,0,7,0,1
15,1.75,0.25,3.0588936890535683,532.3328971862793,1,7,0,1
16,3.5,0.5,3.0588936890535683,465.2245044708252,0,7,0,1
17,9.0,3.0,2.0031882776310477,565.7641887664795,0,7,0,1
18,1.75,0.25,3.0588936890535683,414.2487049102783,1,7,0,1
19,12.0,4.0,2.0,497.1246719360352,0,7,0,1
20,9.0,3.0,2.0031882776310477,429.3556213378906,0,7,0,1
21,7.5,0.5,4.0636946753173895,514.1422748565674,1,7,0,1
22,3.5,0.5,3.0588936890535683,509.8726749420166,0,7,0,1
23,6.0,2.0,2.004800986263821,466.7198657989502,0,7,0,1
24,15.0,1.0,4.026560826271135,683.9382648468018,1,7,0,1
25,7.5,0.5,4.0636946753173895,586.8716239929199,1,7,0,1
26,11.25,0.75,4.016012317988631,677.8867244720459,0,7,0,1
27,14.0,2.0,3.009586048829198,542.3502922058105,0,7,0,1
28,7.0,1.0,3.0241663111307524,894.5977687835693,0,7,0,1
29,12.0,4.0,2.0,631.0434341430664,0,7,0,1
30,3.5,0.5,3.0588936890535683,514.7590637207031,1,7,0,1
31,7.0,1.0,3.0241663111307524,495.4531192779541,1,7,0,1
32,7.0,1.0,3.0241663111307524,498.98433685302734,0,7,0,1
33,11.25,0.75,4.016012317988631,468.43791007995605,0,7,0,1
34,14.0,2.0,3.009586048829198,528.0709266662598,0,7,0,1
35,3.0,1.0,2.019365324866931,496.6554641723633,0,7,0,1
36,1.75,0.25,3.0588936890535683,488.1470203399658,1,7,0,1
37,11.25,0.75,4.016012317988631,596.1766242980957,1,7,0,1
38,12.0,4.0,2.0,464.3402099609375,0,7,0,1
39,1.75,0.25,3.0588936890535683,545.3784465789795,1,7,0,1
40,11.25,0.75,4.016012317988631,658.1377983093262,0,7,0,1
41,3.75,0.25,4.058893689053568,478.168249130249,1,7,0,1
42,15.0,1.0,4.026560826271135,634.4411373138428,0,7,0,1
43,3.0,1.0,2.019365324866931,694.3435668945312,1,7,0,1
44,7.0,1.0,3.0241663111307524,507.4312686920166,0,7,0,1
45,11.25,0.75,4.016012317988631,482.7513694763184,1,7,0,1
46,12.0,4.0,2.0,741.7192459106445,0,7,0,1
47,3.75,0.25,4.058893689053568,617.5963878631592,1,7,0,1
48,14.0,2.0,3.009586048829198,546.5161800384521,0,7,0,1
49,3.0,1.0,2.019365324866931,482.471227645874,0,7,0,1
50,6.0,2.0,2.004800986263821,564.7995471954346,0,7,0,1
51,3.75,0.25,4.058893689053568,550.8677959442139,1,7,0,1
52,3.0,1.0,2.019365324866931,565.1123523712158,1,7,0,1
53,3.75,0.25,4.058893689053568,547.2733974456787,1,7,0,1
54,6.0,2.0,2.004800986263821,570.8217620849609,0,7,0,1
55,15.0,1.0,4.026560826271135,724.6403694152832,0,7,0,1
56,3.75,0.25,4.058893689053568,552.1321296691895,0,7,0,1
57,7.5,0.5,4.0636946753173895,600.332498550415,0,7,0,1
58,7.5,0.5,4.0636946753173895,666.3050651550293,1,7,0,1
59,7.5,0.5,4.0636946753173895,525.4220962524414,0,7,0,1
0,3.0,1.0,2.019365324866931,699.7191905975342,0,8,1,0
1,12.0,4.0,2.0,584.2537879943848,0,8,1,0
2,7.0,1.0,3.0241663111307524,617.6548004150391,0,8,1,0
3,1.75,0.25,3.0588936890535683,868.3788776397705,1,8,1,0
4,1.75,0.25,3.0588936890535683,976.8795967102052,0,8,1,0
5,6.0,2.0,2.004800986263821,652.191162109375,0,8,1,0
6,15.0,1.0,4.026560826271135,706.6226005554199,0,8,1,0
7,14.0,2.0,3.009586048829198,613.5578155517578,0,8,1,0
8,7.5,0.5,4.0636946753173895,1095.60227394104,1,8,1,0
9,3.5,0.5,3.0588936890535683,681.8299293518066,1,8,1,0
10,11.25,0.75,4.016012317988631,733.4105968475342,0,8,1,0
11,6.0,2.0,2.004800986263821,576.2357711791992,0,8,1,0
12,11.25,0.75,4.016012317988631,677.1500110626221,0,8,1,0
13,3.75,0.25,4.058893689053568,734.4875335693359,1,8,1,0
14,3.5,0.5,3.0588936890535683,724.4880199432373,1,8,1,0
15,11.25,0.75,4.016012317988631,788.292646408081,0,8,1,0
16,7.0,1.0,3.0241663111307524,581.8653106689453,0,8,1,0
17,7.5,0.5,4.0636946753173895,715.6202793121338,1,8,1,0
18,14.0,2.0,3.009586048829198,632.0414543151855,0,8,1,0
19,6.0,2.0,2.004800986263821,582.4971199035645,0,8,1,0
20,11.25,0.75,4.016012317988631,635.0288391113281,0,8,1,0
21,12.0,4.0,2.0,563.2522106170654,0,8,1,0
22,6.0,2.0,2.004800986263821,486.0563278198242,0,8,1,0
23,1.75,0.25,3.0588936890535683,563.8308525085449,1,8,1,0
24,14.0,2.0,3.009586048829198,693.1908130645752,0,8,1,0
25,9.0,3.0,2.0031882776310477,550.2219200134277,0,8,1,0
26,9.0,3.0,2.0031882776310477,537.8079414367676,0,8,1,0
27,3.75,0.25,4.058893689053568,864.7985458374023,1,8,1,0
28,1.75,0.25,3.0588936890535683,750.1213550567627,1,8,1,0
29,3.0,1.0,2.019365324866931,610.6276512145996,0,8,1,0
30,3.5,0.5,3.0588936890535683,576.5740871429443,1,8,1,0
31,7.5,0.5,4.0636946753173895,595.7534313201904,1,8,1,0
32,15.0,1.0,4.026560826271135,777.9941558837891,0,8,1,0
33,15.0,1.0,4.026560826271135,700.4280090332031,0,8,1,0
34,3.0,1.0,2.019365324866931,512.55202293396,0,8,1,0
35,9.0,3.0,2.0031882776310477,579.1549682617188,0,8,1,0
36,14.0,2.0,3.009586048829198,596.6322422027588,0,8,1,0
37,15.0,1.0,4.026560826271135,610.3515625,0,8,1,0
38,12.0,4.0,2.0,977.8144359588624,0,8,1,0
39,3.0,1.0,2.019365324866931,701.7474174499512,0,8,1,0
40,1.75,0.25,3.0588936890535683,646.8703746795654,1,8,1,0
41,3.75,0.25,4.058893689053568,990.8015727996826,1,8,1,0
42,12.0,4.0,2.0,599.078893661499,0,8,1,0
43,7.0,1.0,3.0241663111307524,717.4992561340332,1,8,1,0
44,7.5,0.5,4.0636946753173895,1019.8359489440918,1,8,1,0
45,9.0,3.0,2.0031882776310477,548.1538772583008,0,8,1,0
46,15.0,1.0,4.026560826271135,662.7213954925537,1,8,1,0
47,3.5,0.5,3.0588936890535683,697.2050666809082,1,8,1,0
48,7.0,1.0,3.0241663111307524,661.7739200592041,1,8,1,0
49,3.75,0.25,4.058893689053568,746.2658882141113,1,8,1,0
50,12.0,4.0,2.0,563.835620880127,0,8,1,0
51,7.5,0.5,4.0636946753173895,669.6655750274658,0,8,1,0
52,7.0,1.0,3.0241663111307524,615.3435707092285,1,8,1,0
53,3.75,0.25,4.058893689053568,613.0681037902832,0,8,1,0
54,6.0,2.0,2.004800986263821,549.8332977294922,0,8,1,0
55,11.25,0.75,4.016012317988631,665.7512187957764,1,8,1,0
56,3.0,1.0,2.019365324866931,612.149715423584,1,8,1,0
57,3.5,0.5,3.0588936890535683,816.0159587860107,1,8,1,0
58,9.0,3.0,2.0031882776310477,578.7570476531982,0,8,1,0
59,14.0,2.0,3.009586048829198,884.7157955169678,0,8,1,0
0,3.5,0.5,3.0588936890535683,1532.4482917785645,1,8,1,1
1,6.0,2.0,2.004800986263821,926.1746406555176,0,8,1,1
2,1.75,0.25,3.0588936890535683,1157.130002975464,1,8,1,1
3,9.0,3.0,2.0031882776310477,807.8622817993164,0,8,1,1
4,15.0,1.0,4.026560826271135,981.4202785491944,0,8,1,1
5,7.5,0.5,4.0636946753173895,1758.195161819458,0,8,1,1
6,14.0,2.0,3.009586048829198,793.0376529693604,0,8,1,1
7,7.5,0.5,4.0636946753173895,1505.728244781494,0,8,1,1
8,3.5,0.5,3.0588936890535683,961.9626998901368,1,8,1,1
9,6.0,2.0,2.004800986263821,1449.5995044708252,0,8,1,1
10,11.25,0.75,4.016012317988631,1209.230899810791,0,8,1,1
11,15.0,1.0,4.026560826271135,1500.974416732788,0,8,1,1
12,15.0,1.0,4.026560826271135,1069.2505836486816,0,8,1,1
13,9.0,3.0,2.0031882776310477,928.1933307647704,0,8,1,1
14,3.0,1.0,2.019365324866931,746.1044788360596,0,8,1,1
15,12.0,4.0,2.0,912.7686023712158,0,8,1,1
16,6.0,2.0,2.004800986263821,807.6479434967041,0,8,1,1
17,14.0,2.0,3.009586048829198,1123.7452030181885,0,8,1,1
18,3.75,0.25,4.058893689053568,1709.1941833496094,0,8,1,1
19,9.0,3.0,2.0031882776310477,781.9433212280273,0,8,1,1
20,11.25,0.75,4.016012317988631,1142.3568725585938,0,8,1,1
21,7.0,1.0,3.0241663111307524,997.18976020813,0,8,1,1
22,6.0,2.0,2.004800986263821,844.6621894836426,0,8,1,1
23,11.25,0.75,4.016012317988631,1340.9178256988523,0,8,1,1
24,3.5,0.5,3.0588936890535683,1297.6734638214111,0,8,1,1
25,1.75,0.25,3.0588936890535683,1282.1075916290283,0,8,1,1
26,3.0,1.0,2.019365324866931,916.2299633026124,0,8,1,1
27,3.0,1.0,2.019365324866931,732.4361801147461,0,8,1,1
28,14.0,2.0,3.009586048829198,973.9336967468262,0,8,1,1
29,3.5,0.5,3.0588936890535683,1373.668193817139,0,8,1,1
30,6.0,2.0,2.004800986263821,881.6051483154297,0,8,1,1
31,9.0,3.0,2.0031882776310477,633.2216262817383,0,8,1,1
32,3.75,0.25,4.058893689053568,1534.0893268585205,0,8,1,1
33,15.0,1.0,4.026560826271135,1414.8666858673096,0,8,1,1
34,7.5,0.5,4.0636946753173895,1176.1090755462646,0,8,1,1
35,14.0,2.0,3.009586048829198,1038.8765335083008,0,8,1,1
36,7.0,1.0,3.0241663111307524,996.6795444488524,0,8,1,1
37,3.0,1.0,2.019365324866931,779.7155380249023,1,8,1,1
38,3.75,0.25,4.058893689053568,1405.7559967041016,0,8,1,1
39,11.25,0.75,4.016012317988631,1161.9653701782229,0,8,1,1
40,7.0,1.0,3.0241663111307524,1027.4436473846436,0,8,1,1
41,7.5,0.5,4.0636946753173895,1224.36785697937,0,8,1,1
42,7.0,1.0,3.0241663111307524,1059.863567352295,0,8,1,1
43,11.25,0.75,4.016012317988631,1262.2456550598145,0,8,1,1
44,12.0,4.0,2.0,761.7766857147217,0,8,1,1
45,3.5,0.5,3.0588936890535683,916.4505004882812,0,8,1,1
46,14.0,2.0,3.009586048829198,991.5735721588136,0,8,1,1
47,12.0,4.0,2.0,727.4174690246582,0,8,1,1
48,12.0,4.0,2.0,762.1133327484131,0,8,1,1
49,15.0,1.0,4.026560826271135,1114.7491931915283,0,8,1,1
50,7.0,1.0,3.0241663111307524,933.368444442749,0,8,1,1
51,9.0,3.0,2.0031882776310477,625.7987022399902,1,8,1,1
52,1.75,0.25,3.0588936890535683,1129.2927265167236,0,8,1,1
53,1.75,0.25,3.0588936890535683,1315.314769744873,0,8,1,1
54,12.0,4.0,2.0,250.98776817321777,1,8,1,1
55,1.75,0.25,3.0588936890535683,1489.7096157073977,1,8,1,1
56,3.0,1.0,2.019365324866931,794.2204475402832,0,8,1,1
57,3.75,0.25,4.058893689053568,1079.9169540405271,0,8,1,1
58,7.5,0.5,4.0636946753173895,1300.311803817749,0,8,1,1
59,3.75,0.25,4.058893689053568,1199.879169464111,0,8,1,1
0,1.75,0.25,3.0588936890535683,1958.721160888672,0,9,0,1
1,6.0,2.0,2.004800986263821,1096.034049987793,0,9,0,1
2,9.0,3.0,2.0031882776310477,980.321168899536,0,9,0,1
3,7.5,0.5,4.0636946753173895,1287.264108657837,0,9,0,1
4,7.0,1.0,3.0241663111307524,1155.9498310089111,0,9,0,1
5,14.0,2.0,3.009586048829198,1008.4209442138672,0,9,0,1
6,7.5,0.5,4.0636946753173895,1183.1121444702148,1,9,0,1
7,14.0,2.0,3.009586048829198,1128.1490325927734,0,9,0,1
8,7.0,1.0,3.0241663111307524,1257.1978569030762,0,9,0,1
9,15.0,1.0,4.026560826271135,1379.1618347167969,0,9,0,1
10,6.0,2.0,2.004800986263821,849.6365547180176,0,9,0,1
11,3.0,1.0,2.019365324866931,995.0501918792723,0,9,0,1
12,15.0,1.0,4.026560826271135,1198.4739303588867,0,9,0,1
13,1.75,0.25,3.0588936890535683,1611.0615730285645,0,9,0,1
14,7.0,1.0,3.0241663111307524,1350.1460552215576,0,9,0,1
15,11.25,0.75,4.016012317988631,1586.214542388916,0,9,0,1
16,7.5,0.5,4.0636946753173895,1612.6430034637451,0,9,0,1
17,7.0,1.0,3.0241663111307524,1166.090726852417,0,9,0,1
18,6.0,2.0,2.004800986263821,935.0485801696776,0,9,0,1
19,3.0,1.0,2.019365324866931,1116.7607307434082,0,9,0,1
20,11.25,0.75,4.016012317988631,1113.637924194336,0,9,0,1
21,6.0,2.0,2.004800986263821,867.0566082000732,0,9,0,1
22,1.75,0.25,3.0588936890535683,2504.6823024749756,0,9,0,1
23,3.5,0.5,3.0588936890535683,1428.293228149414,1,9,0,1
24,1.75,0.25,3.0588936890535683,1659.9912643432615,0,9,0,1
25,15.0,1.0,4.026560826271135,1940.2620792388916,0,9,0,1
26,14.0,2.0,3.009586048829198,1050.7490634918213,0,9,0,1
27,3.5,0.5,3.0588936890535683,1534.4090461730957,0,9,0,1
28,9.0,3.0,2.0031882776310477,987.651824951172,0,9,0,1
29,7.5,0.5,4.0636946753173895,1115.3485774993896,0,9,0,1
30,1.75,0.25,3.0588936890535683,1359.8475456237793,0,9,0,1
31,3.5,0.5,3.0588936890535683,1137.9642486572266,1,9,0,1
32,11.25,0.75,4.016012317988631,1698.8582611083984,0,9,0,1
33,14.0,2.0,3.009586048829198,1129.814863204956,0,9,0,1
34,9.0,3.0,2.0031882776310477,902.235507965088,0,9,0,1
35,12.0,4.0,2.0,928.3998012542723,0,9,0,1
36,14.0,2.0,3.009586048829198,952.8565406799316,0,9,0,1
37,3.75,0.25,4.058893689053568,1351.7186641693115,0,9,0,1
38,3.0,1.0,2.019365324866931,1084.235668182373,0,9,0,1
39,11.25,0.75,4.016012317988631,1545.290470123291,0,9,0,1
40,3.5,0.5,3.0588936890535683,1522.2821235656738,0,9,0,1
41,3.5,0.5,3.0588936890535683,1239.5851612091064,0,9,0,1
42,12.0,4.0,2.0,1095.9818363189695,0,9,0,1
43,9.0,3.0,2.0031882776310477,848.4799861907959,0,9,0,1
44,12.0,4.0,2.0,1046.3552474975586,0,9,0,1
45,9.0,3.0,2.0031882776310477,1047.3029613494873,0,9,0,1
46,3.75,0.25,4.058893689053568,1739.448070526123,0,9,0,1
47,3.0,1.0,2.019365324866931,1051.3830184936523,0,9,0,1
48,7.5,0.5,4.0636946753173895,1480.6697368621826,0,9,0,1
49,15.0,1.0,4.026560826271135,1269.4153785705566,0,9,0,1
50,11.25,0.75,4.016012317988631,2258.591890335083,0,9,0,1
51,6.0,2.0,2.004800986263821,974.4184017181396,0,9,0,1
52,3.75,0.25,4.058893689053568,1666.4655208587646,1,9,0,1
53,15.0,1.0,4.026560826271135,1453.8698196411133,0,9,0,1
54,7.0,1.0,3.0241663111307524,1804.8436641693115,0,9,0,1
55,3.75,0.25,4.058893689053568,1483.8495254516602,0,9,0,1
56,12.0,4.0,2.0,1203.5434246063232,0,9,0,1
57,3.0,1.0,2.019365324866931,1000.443696975708,0,9,0,1
58,3.75,0.25,4.058893689053568,1795.6233024597168,0,9,0,1
59,12.0,4.0,2.0,1754.0433406829834,0,9,0,1
0,7.5,0.5,4.0636946753173895,510.27584075927734,1,9,0,0
1,15.0,1.0,4.026560826271135,634.17649269104,0,9,0,0
2,12.0,4.0,2.0,549.3929386138916,0,9,0,0
3,7.0,1.0,3.0241663111307524,591.6364192962646,0,9,0,0
4,3.5,0.5,3.0588936890535683,644.824743270874,1,9,0,0
5,3.0,1.0,2.019365324866931,599.2996692657471,0,9,0,0
6,3.75,0.25,4.058893689053568,659.9769592285156,0,9,0,0
7,9.0,3.0,2.0031882776310477,583.1425189971924,0,9,0,0
8,7.5,0.5,4.0636946753173895,664.1495227813721,1,9,0,0
9,3.5,0.5,3.0588936890535683,586.0550403594971,0,9,0,0
10,14.0,2.0,3.009586048829198,627.5851726531982,0,9,0,0
11,11.25,0.75,4.016012317988631,661.3912582397461,0,9,0,0
12,7.5,0.5,4.0636946753173895,703.1459808349609,0,9,0,0
13,1.75,0.25,3.0588936890535683,685.467004776001,1,9,0,0
14,9.0,3.0,2.0031882776310477,584.3856334686279,0,9,0,0
15,11.25,0.75,4.016012317988631,765.6650543212891,0,9,0,0
16,6.0,2.0,2.004800986263821,486.3603115081787,0,9,0,0
17,12.0,4.0,2.0,503.0014514923096,0,9,0,0
18,3.75,0.25,4.058893689053568,598.4749794006348,1,9,0,0
19,7.0,1.0,3.0241663111307524,634.8376274108887,1,9,0,0
20,7.0,1.0,3.0241663111307524,642.7898406982422,0,9,0,0
21,7.0,1.0,3.0241663111307524,627.8407573699951,0,9,0,0
22,9.0,3.0,2.0031882776310477,519.3986892700195,0,9,0,0
23,15.0,1.0,4.026560826271135,632.7939033508301,0,9,0,0
24,6.0,2.0,2.004800986263821,633.2347393035889,0,9,0,0
25,3.5,0.5,3.0588936890535683,667.2706604003906,1,9,0,0
26,11.25,0.75,4.016012317988631,1066.195011138916,0,9,0,0
27,9.0,3.0,2.0031882776310477,652.2216796875,0,9,0,0
28,11.25,0.75,4.016012317988631,697.1304416656494,0,9,0,0
29,12.0,4.0,2.0,565.6704902648926,0,9,0,0
30,9.0,3.0,2.0031882776310477,585.0026607513428,0,9,0,0
31,3.5,0.5,3.0588936890535683,681.1254024505615,1,9,0,0
32,3.75,0.25,4.058893689053568,650.6848335266113,0,9,0,0
33,3.0,1.0,2.019365324866931,582.7281475067139,0,9,0,0
34,3.75,0.25,4.058893689053568,668.325662612915,1,9,0,0
35,14.0,2.0,3.009586048829198,633.049726486206,0,9,0,0
36,1.75,0.25,3.0588936890535683,733.5355281829834,1,9,0,0
37,1.75,0.25,3.0588936890535683,606.5099239349365,1,9,0,0
38,15.0,1.0,4.026560826271135,352.60510444641113,1,9,0,0
39,11.25,0.75,4.016012317988631,907.4883460998536,0,9,0,0
40,7.5,0.5,4.0636946753173895,666.6297912597656,1,9,0,0
41,3.0,1.0,2.019365324866931,650.3684520721436,0,9,0,0
42,14.0,2.0,3.009586048829198,697.807788848877,0,9,0,0
43,6.0,2.0,2.004800986263821,535.2449417114258,0,9,0,0
44,1.75,0.25,3.0588936890535683,733.3643436431885,1,9,0,0
45,15.0,1.0,4.026560826271135,800.8224964141846,0,9,0,0
46,14.0,2.0,3.009586048829198,813.7540817260742,0,9,0,0
47,3.0,1.0,2.019365324866931,735.5263233184814,0,9,0,0
48,7.5,0.5,4.0636946753173895,715.8350944519043,0,9,0,0
49,3.0,1.0,2.019365324866931,639.9881839752197,0,9,0,0
50,15.0,1.0,4.026560826271135,743.6835765838623,0,9,0,0
51,3.5,0.5,3.0588936890535683,712.8221988677979,1,9,0,0
52,3.75,0.25,4.058893689053568,671.306848526001,1,9,0,0
53,7.0,1.0,3.0241663111307524,754.2271614074707,0,9,0,0
54,14.0,2.0,3.009586048829198,675.6980419158936,0,9,0,0
55,12.0,4.0,2.0,620.2142238616943,0,9,0,0
56,1.75,0.25,3.0588936890535683,1098.7217426300049,1,9,0,0
57,12.0,4.0,2.0,567.3530101776123,0,9,0,0
58,6.0,2.0,2.004800986263821,683.1150054931641,0,9,0,0
59,6.0,2.0,2.004800986263821,632.4937343597412,0,9,0,0
0,15.0,1.0,4.026560826271135,764.336347579956,0,10,1,0
1,7.0,1.0,3.0241663111307524,630.0430297851562,0,10,1,0
2,15.0,1.0,4.026560826271135,646.4309692382812,0,10,1,0
3,12.0,4.0,2.0,500.8912086486816,0,10,1,0
4,3.75,0.25,4.058893689053568,814.3858909606934,1,10,1,0
5,3.0,1.0,2.019365324866931,492.6254749298096,0,10,1,0
6,3.0,1.0,2.019365324866931,496.4334964752197,0,10,1,0
7,12.0,4.0,2.0,477.76174545288086,0,10,1,0
8,3.5,0.5,3.0588936890535683,646.5921401977539,1,10,1,0
9,3.0,1.0,2.019365324866931,460.7167243957519,0,10,1,0
10,7.0,1.0,3.0241663111307524,908.1504344940186,0,10,1,0
11,3.5,0.5,3.0588936890535683,669.8935031890869,1,10,1,0
12,6.0,2.0,2.004800986263821,480.971097946167,0,10,1,0
13,6.0,2.0,2.004800986263821,528.8114547729492,0,10,1,0
14,3.5,0.5,3.0588936890535683,612.9095554351807,0,10,1,0
15,1.75,0.25,3.0588936890535683,613.8768196105957,1,10,1,0
16,3.75,0.25,4.058893689053568,728.7380695343018,1,10,1,0
17,11.25,0.75,4.016012317988631,672.9426383972168,1,10,1,0
18,14.0,2.0,3.009586048829198,610.4176044464111,0,10,1,0
19,3.0,1.0,2.019365324866931,535.1989269256592,0,10,1,0
20,14.0,2.0,3.009586048829198,595.8888530731201,0,10,1,0
21,3.75,0.25,4.058893689053568,681.1332702636719,1,10,1,0
22,9.0,3.0,2.0031882776310477,563.2615089416504,0,10,1,0
23,3.75,0.25,4.058893689053568,938.2369518280028,1,10,1,0
24,9.0,3.0,2.0031882776310477,554.1133880615234,0,10,1,0
25,7.5,0.5,4.0636946753173895,854.426383972168,1,10,1,0
26,9.0,3.0,2.0031882776310477,549.2360591888428,0,10,1,0
27,6.0,2.0,2.004800986263821,564.0685558319092,0,10,1,0
28,11.25,0.75,4.016012317988631,677.2291660308838,1,10,1,0
29,12.0,4.0,2.0,506.0434341430664,0,10,1,0
30,15.0,1.0,4.026560826271135,640.1669979095459,0,10,1,0
31,11.25,0.75,4.016012317988631,668.2708263397217,0,10,1,0
32,11.25,0.75,4.016012317988631,700.3810405731201,0,10,1,0
33,7.0,1.0,3.0241663111307524,544.0640449523926,0,10,1,0
34,3.5,0.5,3.0588936890535683,582.8952789306641,1,10,1,0
35,9.0,3.0,2.0031882776310477,510.5922222137451,0,10,1,0
36,12.0,4.0,2.0,514.2307281494141,0,10,1,0
37,3.75,0.25,4.058893689053568,776.2508392333984,1,10,1,0
38,1.75,0.25,3.0588936890535683,1148.1420993804932,0,10,1,0
39,11.25,0.75,4.016012317988631,597.1167087554932,1,10,1,0
40,14.0,2.0,3.009586048829198,572.8697776794434,0,10,1,0
41,6.0,2.0,2.004800986263821,499.7687339782715,0,10,1,0
42,1.75,0.25,3.0588936890535683,821.1929798126221,1,10,1,0
43,1.75,0.25,3.0588936890535683,678.0641078948975,0,10,1,0
44,15.0,1.0,4.026560826271135,726.9902229309082,1,10,1,0
45,1.75,0.25,3.0588936890535683,682.0080280303955,1,10,1,0
46,7.5,0.5,4.0636946753173895,714.2751216888428,1,10,1,0
47,15.0,1.0,4.026560826271135,668.2937145233154,0,10,1,0
48,14.0,2.0,3.009586048829198,616.619348526001,0,10,1,0
49,9.0,3.0,2.0031882776310477,486.65499687194824,0,10,1,0
50,7.5,0.5,4.0636946753173895,575.8309364318848,1,10,1,0
51,3.5,0.5,3.0588936890535683,660.088300704956,0,10,1,0
52,6.0,2.0,2.004800986263821,526.3473987579346,0,10,1,0
53,7.0,1.0,3.0241663111307524,610.6138229370117,0,10,1,0
54,7.5,0.5,4.0636946753173895,579.4587135314941,1,10,1,0
55,7.5,0.5,4.0636946753173895,620.9845542907715,1,10,1,0
56,12.0,4.0,2.0,493.9031600952149,0,10,1,0
57,7.0,1.0,3.0241663111307524,624.6380805969238,1,10,1,0
58,14.0,2.0,3.009586048829198,649.6851444244385,0,10,1,0
59,3.0,1.0,2.019365324866931,613.0475997924805,0,10,1,0
0,3.0,1.0,2.019365324866931,835.8292579650879,0,10,1,1
1,1.75,0.25,3.0588936890535683,674.5386123657227,1,10,1,1
2,15.0,1.0,4.026560826271135,379.7421455383301,1,10,1,1
3,1.75,0.25,3.0588936890535683,1543.663740158081,0,10,1,1
4,3.5,0.5,3.0588936890535683,1372.4820613861084,0,10,1,1
5,11.25,0.75,4.016012317988631,1060.7624053955078,1,10,1,1
6,1.75,0.25,3.0588936890535683,1340.4898643493652,0,10,1,1
7,11.25,0.75,4.016012317988631,827.610969543457,0,10,1,1
8,6.0,2.0,2.004800986263821,631.0691833496094,0,10,1,1
9,9.0,3.0,2.0031882776310477,780.0028324127197,0,10,1,1
10,14.0,2.0,3.009586048829198,1043.0338382720947,0,10,1,1
11,11.25,0.75,4.016012317988631,914.5340919494628,0,10,1,1
12,1.75,0.25,3.0588936890535683,1177.616834640503,0,10,1,1
13,3.75,0.25,4.058893689053568,1729.3391227722168,0,10,1,1
14,7.0,1.0,3.0241663111307524,796.9093322753906,0,10,1,1
15,14.0,2.0,3.009586048829198,741.3997650146484,0,10,1,1
16,7.5,0.5,4.0636946753173895,1106.3010692596436,0,10,1,1
17,14.0,2.0,3.009586048829198,959.707260131836,0,10,1,1
18,3.75,0.25,4.058893689053568,1165.410041809082,0,10,1,1
19,15.0,1.0,4.026560826271135,1038.7747287750244,0,10,1,1
20,6.0,2.0,2.004800986263821,655.0145149230957,0,10,1,1
21,6.0,2.0,2.004800986263821,1013.5083198547364,0,10,1,1
22,12.0,4.0,2.0,713.8996124267578,0,10,1,1
23,3.0,1.0,2.019365324866931,716.5989875793457,1,10,1,1
24,3.5,0.5,3.0588936890535683,847.8085994720459,0,10,1,1
25,6.0,2.0,2.004800986263821,866.1160469055176,0,10,1,1
26,9.0,3.0,2.0031882776310477,770.1959609985352,0,10,1,1
27,3.75,0.25,4.058893689053568,1019.6185111999512,0,10,1,1
28,9.0,3.0,2.0031882776310477,832.0491313934326,0,10,1,1
29,7.0,1.0,3.0241663111307524,1008.7244510650636,0,10,1,1
30,3.0,1.0,2.019365324866931,1001.8563270568848,0,10,1,1
31,3.5,0.5,3.0588936890535683,1312.0574951171875,0,10,1,1
32,12.0,4.0,2.0,599.7488498687744,0,10,1,1
33,12.0,4.0,2.0,795.7057952880859,0,10,1,1
34,15.0,1.0,4.026560826271135,1078.4871578216553,0,10,1,1
35,12.0,4.0,2.0,662.0779037475586,0,10,1,1
36,7.5,0.5,4.0636946753173895,1085.5677127838137,0,10,1,1
37,15.0,1.0,4.026560826271135,1195.786952972412,0,10,1,1
38,7.0,1.0,3.0241663111307524,945.1494216918944,0,10,1,1
39,15.0,1.0,4.026560826271135,971.5821743011476,0,10,1,1
40,1.75,0.25,3.0588936890535683,1263.0956172943115,0,10,1,1
41,7.0,1.0,3.0241663111307524,1056.8583011627195,1,10,1,1
42,7.5,0.5,4.0636946753173895,1118.360996246338,0,10,1,1
43,14.0,2.0,3.009586048829198,833.2924842834473,0,10,1,1
44,3.5,0.5,3.0588936890535683,992.47145652771,0,10,1,1
45,11.25,0.75,4.016012317988631,879.2505264282227,0,10,1,1
46,7.5,0.5,4.0636946753173895,943.9616203308104,0,10,1,1
47,9.0,3.0,2.0031882776310477,685.4021549224854,0,10,1,1
48,9.0,3.0,2.0031882776310477,759.8588466644287,0,10,1,1
49,12.0,4.0,2.0,674.241304397583,0,10,1,1
50,14.0,2.0,3.009586048829198,753.1657218933105,0,10,1,1
51,7.0,1.0,3.0241663111307524,806.4124584197998,0,10,1,1
52,3.0,1.0,2.019365324866931,1416.1310195922852,0,10,1,1
53,7.5,0.5,4.0636946753173895,1158.0770015716553,1,10,1,1
54,3.75,0.25,4.058893689053568,1478.492021560669,0,10,1,1
55,6.0,2.0,2.004800986263821,725.3379821777344,0,10,1,1
56,11.25,0.75,4.016012317988631,947.3721981048584,0,10,1,1
57,3.75,0.25,4.058893689053568,944.0820217132568,0,10,1,1
58,3.0,1.0,2.019365324866931,978.8243770599364,0,10,1,1
59,3.5,0.5,3.0588936890535683,909.2867374420166,0,10,1,1
0,3.5,0.5,3.0588936890535683,488.1980419158935,1,11,0,0
1,7.0,1.0,3.0241663111307524,621.0556030273438,1,11,0,0
2,3.0,1.0,2.019365324866931,618.2534694671631,0,11,0,0
3,11.25,0.75,4.016012317988631,683.1579208374023,0,11,0,0
4,3.75,0.25,4.058893689053568,717.3388004302979,1,11,0,0
5,14.0,2.0,3.009586048829198,608.9136600494385,0,11,0,0
6,7.5,0.5,4.0636946753173895,644.5522308349609,1,11,0,0
7,7.0,1.0,3.0241663111307524,619.8945045471191,0,11,0,0
8,11.25,0.75,4.016012317988631,619.4746494293213,0,11,0,0
9,3.0,1.0,2.019365324866931,603.4324169158936,0,11,0,0
10,9.0,3.0,2.0031882776310477,384.25254821777344,0,11,0,0
11,9.0,3.0,2.0031882776310477,451.810359954834,0,11,0,0
12,14.0,2.0,3.009586048829198,615.2999401092529,1,11,0,0
13,1.75,0.25,3.0588936890535683,679.5382499694824,1,11,0,0
14,1.75,0.25,3.0588936890535683,671.5888977050781,1,11,0,0
15,14.0,2.0,3.009586048829198,550.9250164031982,0,11,0,0
16,3.75,0.25,4.058893689053568,899.477481842041,1,11,0,0
17,3.0,1.0,2.019365324866931,418.0784225463867,0,11,0,0
18,3.75,0.25,4.058893689053568,465.1072025299072,1,11,0,0
19,7.0,1.0,3.0241663111307524,516.8540477752686,0,11,0,0
20,7.5,0.5,4.0636946753173895,514.0361785888672,1,11,0,0
21,6.0,2.0,2.004800986263821,509.6607208251953,1,11,0,0
22,12.0,4.0,2.0,432.5573444366455,0,11,0,0
23,15.0,1.0,4.026560826271135,569.1421031951904,1,11,0,0
24,3.0,1.0,2.019365324866931,660.2652072906494,0,11,0,0
25,12.0,4.0,2.0,420.46093940734863,1,11,0,0
26,6.0,2.0,2.004800986263821,465.4204845428467,0,11,0,0
27,3.0,1.0,2.019365324866931,561.1543655395508,0,11,0,0
28,12.0,4.0,2.0,399.6763229370117,0,11,0,0
29,9.0,3.0,2.0031882776310477,605.8657169342041,0,11,0,0
30,1.75,0.25,3.0588936890535683,484.70163345336914,1,11,0,0
31,15.0,1.0,4.026560826271135,182.5599670410156,1,11,0,0
32,12.0,4.0,2.0,579.4217586517334,0,11,0,0
33,14.0,2.0,3.009586048829198,634.4316005706787,0,11,0,0
34,6.0,2.0,2.004800986263821,610.1889610290527,0,11,0,0
35,11.25,0.75,4.016012317988631,645.6339359283447,1,11,0,0
36,7.0,1.0,3.0241663111307524,471.7750549316406,1,11,0,0
37,9.0,3.0,2.0031882776310477,452.4323940277099,0,11,0,0
38,7.5,0.5,4.0636946753173895,644.9010372161865,1,11,0,0
39,15.0,1.0,4.026560826271135,628.0410289764404,0,11,0,0
40,3.75,0.25,4.058893689053568,533.6005687713623,1,11,0,0
41,9.0,3.0,2.0031882776310477,598.6897945404053,0,11,0,0
42,7.5,0.5,4.0636946753173895,730.999231338501,1,11,0,0
43,15.0,1.0,4.026560826271135,470.3328609466553,1,11,0,0
44,6.0,2.0,2.004800986263821,418.0936813354492,0,11,0,0
45,14.0,2.0,3.009586048829198,545.7086563110352,0,11,0,0
46,7.5,0.5,4.0636946753173895,547.1343994140625,1,11,0,0
47,11.25,0.75,4.016012317988631,578.2332420349121,1,11,0,0
48,11.25,0.75,4.016012317988631,794.1515445709229,0,11,0,0
49,6.0,2.0,2.004800986263821,427.4005889892578,0,11,0,0
50,3.5,0.5,3.0588936890535683,460.587739944458,1,11,0,0
51,3.5,0.5,3.0588936890535683,462.5244140625,0,11,0,0
52,15.0,1.0,4.026560826271135,602.6611328125,0,11,0,0
53,1.75,0.25,3.0588936890535683,826.2934684753418,1,11,0,0
54,3.75,0.25,4.058893689053568,684.9439144134521,1,11,0,0
55,12.0,4.0,2.0,448.50778579711914,0,11,0,0
56,1.75,0.25,3.0588936890535683,616.7709827423096,1,11,0,0
57,7.0,1.0,3.0241663111307524,473.41442108154297,0,11,0,0
58,3.5,0.5,3.0588936890535683,453.40657234191895,1,11,0,0
59,3.5,0.5,3.0588936890535683,1016.0629749298096,1,11,0,0
0,12.0,4.0,2.0,1240.0038242340088,0,11,0,1
1,1.75,0.25,3.0588936890535683,1558.3412647247314,1,11,0,1
2,14.0,2.0,3.009586048829198,1537.8808975219729,0,11,0,1
3,14.0,2.0,3.009586048829198,1042.140245437622,0,11,0,1
4,7.5,0.5,4.0636946753173895,1869.2691326141355,0,11,0,1
5,12.0,4.0,2.0,817.0337677001953,0,11,0,1
6,1.75,0.25,3.0588936890535683,1331.4061164855957,0,11,0,1
7,11.25,0.75,4.016012317988631,1305.9251308441162,0,11,0,1
8,9.0,3.0,2.0031882776310477,817.1765804290771,0,11,0,1
9,11.25,0.75,4.016012317988631,1103.8827896118164,0,11,0,1
10,7.0,1.0,3.0241663111307524,1815.9866333007812,0,11,0,1
11,7.5,0.5,4.0636946753173895,1535.97092628479,0,11,0,1
12,3.5,0.5,3.0588936890535683,1508.3763599395752,0,11,0,1
13,14.0,2.0,3.009586048829198,958.5516452789308,0,11,0,1
14,6.0,2.0,2.004800986263821,801.1839389801025,0,11,0,1
15,15.0,1.0,4.026560826271135,1124.459981918335,0,11,0,1
16,14.0,2.0,3.009586048829198,1124.359369277954,0,11,0,1
17,3.5,0.5,3.0588936890535683,1239.5453453063965,0,11,0,1
18,9.0,3.0,2.0031882776310477,1141.937017440796,0,11,0,1
19,11.25,0.75,4.016012317988631,1152.7771949768066,0,11,0,1
20,15.0,1.0,4.026560826271135,1321.680784225464,1,11,0,1
21,9.0,3.0,2.0031882776310477,915.9765243530272,0,11,0,1
22,7.5,0.5,4.0636946753173895,1239.9704456329346,0,11,0,1
23,6.0,2.0,2.004800986263821,755.1195621490479,0,11,0,1
24,3.0,1.0,2.019365324866931,864.1488552093506,0,11,0,1
25,11.25,0.75,4.016012317988631,997.5934028625488,0,11,0,1
26,9.0,3.0,2.0031882776310477,830.9788703918457,0,11,0,1
27,1.75,0.25,3.0588936890535683,1121.6835975646973,0,11,0,1
28,3.75,0.25,4.058893689053568,1113.4164333343506,0,11,0,1
29,3.5,0.5,3.0588936890535683,1271.8801498413086,0,11,0,1
30,6.0,2.0,2.004800986263821,846.3668823242188,0,11,0,1
31,12.0,4.0,2.0,649.7652530670166,0,11,0,1
32,12.0,4.0,2.0,841.9210910797119,0,11,0,1
33,7.5,0.5,4.0636946753173895,1168.3335304260254,0,11,0,1
34,3.0,1.0,2.019365324866931,875.6186962127686,0,11,0,1
35,3.75,0.25,4.058893689053568,1374.0088939666748,0,11,0,1
36,7.0,1.0,3.0241663111307524,1073.5492706298828,0,11,0,1
37,14.0,2.0,3.009586048829198,1037.55521774292,0,11,0,1
38,6.0,2.0,2.004800986263821,745.8033561706543,0,11,0,1
39,7.0,1.0,3.0241663111307524,941.1637783050536,1,11,0,1
40,3.5,0.5,3.0588936890535683,1229.6524047851562,0,11,0,1
41,3.0,1.0,2.019365324866931,980.762243270874,1,11,0,1
42,1.75,0.25,3.0588936890535683,1214.740753173828,0,11,0,1
43,9.0,3.0,2.0031882776310477,1017.4338817596436,0,11,0,1
44,7.0,1.0,3.0241663111307524,993.938684463501,0,11,0,1
45,3.75,0.25,4.058893689053568,1536.573886871338,1,11,0,1
46,7.0,1.0,3.0241663111307524,1037.0182991027832,0,11,0,1
47,7.5,0.5,4.0636946753173895,1137.8190517425537,0,11,0,1
48,12.0,4.0,2.0,782.0897102355957,0,11,0,1
49,15.0,1.0,4.026560826271135,1166.1105155944824,0,11,0,1
50,3.0,1.0,2.019365324866931,697.0677375793457,0,11,0,1
51,3.75,0.25,4.058893689053568,1038.9072895050049,1,11,0,1
52,15.0,1.0,4.026560826271135,1258.864402770996,0,11,0,1
53,3.75,0.25,4.058893689053568,1330.0392627716064,1,11,0,1
54,1.75,0.25,3.0588936890535683,1102.8928756713867,0,11,0,1
55,3.0,1.0,2.019365324866931,880.2380561828613,0,11,0,1
56,3.5,0.5,3.0588936890535683,915.3814315795898,0,11,0,1
57,15.0,1.0,4.026560826271135,893.601655960083,0,11,0,1
58,6.0,2.0,2.004800986263821,807.7054023742676,0,11,0,1
59,11.25,0.75,4.016012317988631,747.7900981903076,1,11,0,1
0,15.0,1.0,4.026560826271135,1318.8703060150146,0,12,1,0
1,14.0,2.0,3.009586048829198,545.3524589538574,0,12,1,0
2,6.0,2.0,2.004800986263821,469.24567222595215,0,12,1,0
3,3.0,1.0,2.019365324866931,510.7104778289795,1,12,1,0
4,6.0,2.0,2.004800986263821,436.45715713500977,0,12,1,0
5,15.0,1.0,4.026560826271135,533.1120491027832,0,12,1,0
6,1.75,0.25,3.0588936890535683,928.0657768249512,0,12,1,0
7,7.0,1.0,3.0241663111307524,585.8919620513916,1,12,1,0
8,3.5,0.5,3.0588936890535683,632.6236724853516,0,12,1,0
9,3.5,0.5,3.0588936890535683,628.7937164306641,1,12,1,0
10,12.0,4.0,2.0,521.9533443450928,0,12,1,0
11,1.75,0.25,3.0588936890535683,603.3935546875,0,12,1,0
12,3.0,1.0,2.019365324866931,480.32379150390625,0,12,1,0
13,3.75,0.25,4.058893689053568,541.4118766784668,1,12,1,0
14,1.75,0.25,3.0588936890535683,495.8875179290771,1,12,1,0
15,7.0,1.0,3.0241663111307524,515.9885883331299,0,12,1,0
16,1.75,0.25,3.0588936890535683,500.0166893005371,1,12,1,0
17,11.25,0.75,4.016012317988631,1035.750150680542,1,12,1,0
18,12.0,4.0,2.0,564.2216205596924,0,12,1,0
19,3.75,0.25,4.058893689053568,561.8760585784912,1,12,1,0
20,7.0,1.0,3.0241663111307524,600.4981994628906,0,12,1,0
21,3.0,1.0,2.019365324866931,547.0943450927734,0,12,1,0
22,9.0,3.0,2.0031882776310477,585.2649211883545,0,12,1,0
23,6.0,2.0,2.004800986263821,581.7968845367432,0,12,1,0
24,12.0,4.0,2.0,551.5735149383545,0,12,1,0
25,14.0,2.0,3.009586048829198,608.7148189544678,0,12,1,0
26,11.25,0.75,4.016012317988631,643.2757377624512,0,12,1,0
27,3.0,1.0,2.019365324866931,648.4344005584717,0,12,1,0
28,11.25,0.75,4.016012317988631,632.6553821563721,0,12,1,0
29,9.0,3.0,2.0031882776310477,530.8876037597656,0,12,1,0
30,9.0,3.0,2.0031882776310477,722.9726314544678,0,12,1,0
31,15.0,1.0,4.026560826271135,700.6347179412842,1,12,1,0
32,12.0,4.0,2.0,533.5421562194824,0,12,1,0
33,7.0,1.0,3.0241663111307524,601.9997596740723,0,12,1,0
34,14.0,2.0,3.009586048829198,711.5790843963623,0,12,1,0
35,3.75,0.25,4.058893689053568,566.594123840332,1,12,1,0
36,14.0,2.0,3.009586048829198,946.0170269012452,0,12,1,0
37,7.5,0.5,4.0636946753173895,593.3287143707275,1,12,1,0
38,6.0,2.0,2.004800986263821,483.03818702697754,0,12,1,0
39,7.5,0.5,4.0636946753173895,614.9342060089111,1,12,1,0
40,11.25,0.75,4.016012317988631,637.2580528259277,1,12,1,0
41,3.5,0.5,3.0588936890535683,527.294397354126,0,12,1,0
42,9.0,3.0,2.0031882776310477,568.0394172668457,0,12,1,0
43,1.75,0.25,3.0588936890535683,528.1403064727783,1,12,1,0
44,12.0,4.0,2.0,628.7727355957031,0,12,1,0
45,14.0,2.0,3.009586048829198,611.0579967498779,0,12,1,0
46,15.0,1.0,4.026560826271135,581.3181400299072,0,12,1,0
47,7.0,1.0,3.0241663111307524,664.2317771911621,0,12,1,0
48,7.5,0.5,4.0636946753173895,632.9572200775146,1,12,1,0
49,9.0,3.0,2.0031882776310477,579.0657997131348,0,12,1,0
50,15.0,1.0,4.026560826271135,591.8765068054199,0,12,1,0
51,3.0,1.0,2.019365324866931,473.10543060302734,1,12,1,0
52,7.5,0.5,4.0636946753173895,579.2741775512695,1,12,1,0
53,7.5,0.5,4.0636946753173895,612.2081279754639,0,12,1,0
54,3.5,0.5,3.0588936890535683,579.4506072998047,1,12,1,0
55,3.75,0.25,4.058893689053568,614.7527694702148,0,12,1,0
56,11.25,0.75,4.016012317988631,514.2560005187988,0,12,1,0
57,3.5,0.5,3.0588936890535683,567.4703121185303,0,12,1,0
58,3.75,0.25,4.058893689053568,649.3289470672607,1,12,1,0
59,6.0,2.0,2.004800986263821,630.9082508087158,0,12,1,0
0,12.0,4.0,2.0,1329.9882411956787,0,12,1,1
1,11.25,0.75,4.016012317988631,1385.436773300171,0,12,1,1
2,9.0,3.0,2.0031882776310477,955.5182456970216,0,12,1,1
3,7.5,0.5,4.0636946753173895,929.2688369750977,1,12,1,1
4,7.5,0.5,4.0636946753173895,859.8623275756836,0,12,1,1
5,9.0,3.0,2.0031882776310477,614.2117977142334,0,12,1,1
6,3.75,0.25,4.058893689053568,1472.6018905639648,0,12,1,1
7,7.0,1.0,3.0241663111307524,949.0420818328856,0,12,1,1
8,6.0,2.0,2.004800986263821,698.5127925872803,0,12,1,1
9,1.75,0.25,3.0588936890535683,1102.4501323699951,1,12,1,1
10,3.75,0.25,4.058893689053568,1366.582632064819,1,12,1,1
11,12.0,4.0,2.0,863.0416393280029,0,12,1,1
12,7.0,1.0,3.0241663111307524,1216.8419361114502,0,12,1,1
13,3.0,1.0,2.019365324866931,892.5771713256836,0,12,1,1
14,7.0,1.0,3.0241663111307524,1003.4627914428712,0,12,1,1
15,3.0,1.0,2.019365324866931,696.8021392822266,0,12,1,1
16,12.0,4.0,2.0,914.0336513519288,0,12,1,1
17,1.75,0.25,3.0588936890535683,846.4510440826416,0,12,1,1
18,12.0,4.0,2.0,829.7672271728516,0,12,1,1
19,14.0,2.0,3.009586048829198,943.7274932861328,0,12,1,1
20,14.0,2.0,3.009586048829198,730.5099964141846,0,12,1,1
21,6.0,2.0,2.004800986263821,798.0084419250488,0,12,1,1
22,11.25,0.75,4.016012317988631,924.9496459960938,1,12,1,1
23,6.0,2.0,2.004800986263821,1046.9648838043213,0,12,1,1
24,3.0,1.0,2.019365324866931,746.0291385650635,0,12,1,1
25,15.0,1.0,4.026560826271135,1195.8942413330078,0,12,1,1
26,11.25,0.75,4.016012317988631,1108.3557605743408,0,12,1,1
27,3.75,0.25,4.058893689053568,1355.301856994629,0,12,1,1
28,7.5,0.5,4.0636946753173895,1071.1486339569092,0,12,1,1
29,14.0,2.0,3.009586048829198,978.257656097412,0,12,1,1
30,3.5,0.5,3.0588936890535683,885.5299949645996,0,12,1,1
31,3.5,0.5,3.0588936890535683,903.1577110290528,0,12,1,1
32,11.25,0.75,4.016012317988631,1129.8892498016355,0,12,1,1
33,7.5,0.5,4.0636946753173895,1249.905347824097,0,12,1,1
34,1.75,0.25,3.0588936890535683,949.0807056427002,1,12,1,1
35,12.0,4.0,2.0,1040.6179428100586,0,12,1,1
36,15.0,1.0,4.026560826271135,1429.7237396240234,0,12,1,1
37,7.5,0.5,4.0636946753173895,1481.924057006836,0,12,1,1
38,3.5,0.5,3.0588936890535683,1014.7359371185304,0,12,1,1
39,3.75,0.25,4.058893689053568,1344.6376323699951,0,12,1,1
40,7.0,1.0,3.0241663111307524,1182.1141242980957,0,12,1,1
41,3.5,0.5,3.0588936890535683,1233.9591979980469,0,12,1,1
42,9.0,3.0,2.0031882776310477,1141.1588191986084,0,12,1,1
43,15.0,1.0,4.026560826271135,1240.7209873199463,0,12,1,1
44,3.5,0.5,3.0588936890535683,917.6514148712158,0,12,1,1
45,3.0,1.0,2.019365324866931,807.619571685791,0,12,1,1
46,6.0,2.0,2.004800986263821,868.7255382537842,0,12,1,1
47,7.0,1.0,3.0241663111307524,929.025411605835,0,12,1,1
48,15.0,1.0,4.026560826271135,1273.941993713379,0,12,1,1
49,9.0,3.0,2.0031882776310477,885.9546184539795,0,12,1,1
50,3.0,1.0,2.019365324866931,973.5498428344728,0,12,1,1
51,1.75,0.25,3.0588936890535683,1183.7913990020752,0,12,1,1
52,11.25,0.75,4.016012317988631,1121.3364601135254,0,12,1,1
53,14.0,2.0,3.009586048829198,1131.6967010498047,0,12,1,1
54,15.0,1.0,4.026560826271135,1308.5198402404783,0,12,1,1
55,14.0,2.0,3.009586048829198,1157.228946685791,0,12,1,1
56,9.0,3.0,2.0031882776310477,810.3761672973633,0,12,1,1
57,3.75,0.25,4.058893689053568,1271.463394165039,0,12,1,1
58,6.0,2.0,2.004800986263821,865.7681941986084,0,12,1,1
59,1.75,0.25,3.0588936890535683,996.2244033813477,1,12,1,1
